url_md5,url
000c4ed25b9fc8b8a7e6677e95e1b0f5,http://cdnssl.clicktale.net/www/ptc/b02d18aa-a206-4975-84cc-2d1d2b82ea7c.js/
0047dd4ccff8af8c4006e95fd2897ea1,http://suporte-contato.com/
0057a45c2c0c47dbfcb0d0c2803bb9b8,http://app.link.pentonfoodnews.com/e/er?s=1943367007&lid=122353&elqTrackId=c897efd5e3284db3bd2eea40fae1c871&elq=b070c22aabc34cbfaa24353dbefe7491&elqaid=27480&elqat=1/
007e43e87235eeebbe949bcf15879dca,http://biblecrack.com/
009175292cc62f76c0004f50cb1c1956,https://cus.bectran.com/customer/EReqProc?rid=ZUU6WmXtIRjItjFgdulK_O93vsQKR38635406DvBJNQ9MXm.WNyasaQ42ukU9o0jyw4Y/
00a8d1196bedc6adafc9b1c241259099,http://vision4it.nl/
00bb8fe5752a196d12518931a3b81482,http://rlise.rapidlearninginstitute.net/t/1908347/80835767/49871/18/?/
00c48133e3e0965a075826c4618040a6,http://dopcusign.com/
00cd68f34c0c8a8e9d63b3155c24d3b8,http://viveorthopedics.com/
00d522bdd47e7febcdc25bf6a3604bdc,http://cashback7.ru/
00ee3a989079cc1cbdb3a3ca09e9b88f,https://caeo.gus-his.com/
00fe960eb643f30f12399e47472a3ee2,https://www.windows-activator.com/
011a979eaa89c270be3792a170460dbf,https://app.kortext.com/library/
012efb98a19d87f83d2dbcbcaf219905,http://yicaogou.com/
01562fac980516b62faf71652963c5c9,https://paypal.me/AlishaManuelaStutz/
015e5562c7939a0863410bb08255b542,http://floridaroofingconsultants.com/
017bb237c26b15076ae9a30f135638ae,https://stellarium.org/
01b7b85f83d5c580e54d304122e27e8c,http://restoranarfas.com/
01ba5cb8a99e058ca95f62ecba883375,http://siaomi82.com/
01c7aad777c29d3e4d5c4c91e4327bc2,http://thegoldfingerinc.com/images/jre.zip/
01cd70550c2ee4d4cc413210590bcaf1,http://ecounion.ru/
01dc769c90aa3795b60ed29f06956d95,https://secmail.bankofamerica.com/formpostdir/securereader?id=OCud-l654aaP5JSKPQes_gKKgTNAH-GR&brand=72006094/
01f56107354b0cac633b900cdc61e30d,http://46.29.167.53/hakai.mpsl/
01fd02901ab1838503bb10639a092857,http://176.34.251.85/
01fd766f26f6fd6c351be1ac4b436f13,http://sinoeview.com/
021a4be04754a45e3fe6b4ab12c27f63,http://37.60.240.231/
0235c90947be3981eb0f1e1cbbb9678c,http://blastr.com/
0266289adb45952c2fd18bcb3f803704,http://sinohosting.net/
0288ddf1b5ac3a28ea5d22f2ac2014cb,http://chosenforsuchatime.com/
02a93e1384b1011b4b653231394d35ff,https://facebooksc.com/
02ae59f53fe9ade4fe54ed47b42faf01,http://xn--p89as25cgpi3wa.com/
02b6dad24038c0b41c6efc6290463c52,http://m.freeallmusic.xyz/
02cee942b2ef01609f9aa51b8c0d156f,http://www.tkqlhce.com/click-8899375-13550882/
02d21967b98ad1b2376cddbba52ae81e,http://971604.com/
02f78acf2427d9d93b15b1cf7d88b079,http://legacylifes.com/
02fc68ea8606f720f0f835c1bfe9389c,https://www.shareowneronline.com/
03012c0fe0aa794f58f40f627ee5ff00,https://wellsfargocc.com/
0306f44586737e98017cfc985a180e1c,http://m4vermessung.com/
032a405de68f53e0f13b8650d9f771a4,http://ok-stair.com/
0333bc777ba126af016e9c85b156507f,http://mkto-m0027.com/kW02m04003303EKoKx0il0R/
0335dbc54a94ac4157a8a3ded4d66797,http://dh.bezumn.ru/
033e21b20776285cb09736543e7f3650,http://hlca.co.uk/
0352e4f306177177fbaa4cdfaf326fb0,http://HealthPlansInc.com/
0352e7e3d89686b5b6e53b3fb934366b,http://jcydd.com/
035718bcf58f60f676e1c1290bb88e8f,https://s3-sa-east-1.amazonaws.com/redirs/redir_mang.html/
035e1d0694cef7286b7d0bb37614af42,https://delectafruit-my.sharepoint.com:443/:b:/g/personal/mari_delecta_co_za/EQoLwu8DQktItohl6yCK4qwBKYXgaosun4XWZegqNHB_HA?e=4%3a7lpyW4&at=9/
03624d12b65917157458f0d198cc5d3d,http://972184.com/
036375b0d03cb9e79a6a1d20fa8b4268,http://www.rockbook.hu/
037c5690a29b47fa055102c79084d295,http://haythamacademy.com/
039a517b93250609944be91abfcb9846,http://buyiaas.com/
03b13b84a06fa0ddc0acb0851416dec4,http://glenninternational.com/
03ba400101dcf6603443ebbbfff2b255,https://wetransfer.zendesk.com/hc/en-us/articles/204909429?utm_campaign%3DWT_email_tracking%26utm_source%3Dnotify_recipient_email%26utm_medium%3DAdd%2BUs%2BTo%2BYour%2BContacts%2BLink%26utm_content%3Dgeneral&amp/
03d06f309b80afcd0c53b3ce5a8b9be8,http://ww17.dummy.com/
03de4fa6d51c8a965a0e09569100a8ea,http://providencerk.com/
03e993a7ea553078eb874ed1d99aada1,http://nicola-camp.com/
03f0473db57e45d84a224020781dad6e,http://aldkw.com/
03f315cd7b99e7e47709a6bed316cd8e,http://elgorrodepensar.com/
03fae79c77e7a9cb3c564c8ccab51500,http://psxueyuan.com/
0406d6ad382edf68c0e39eee513aac40,https://anon.to/ItQ1lf/
040b0d21bf08fe62df5a2aeb020c8283,http://pearsonpelletier.com/
040c1275e1676af88aff5f7b01ab820b,https://sendy.veriship.io/t/a4CgqI0SemE763WuBS2NrkhQ/Vl6Q5EXtlkoEQW763HWjWQ7w/
0425939fcc766c16aa27cc245a9f2f27,http://nohunterr.com/
04330cea7410db86fa7ac8dd067f96d9,http://www.seedster.ink/
0438a1256af22c04d24e29d428055f7b,https://www.google.com/url?sa=t&rct=j&q=&esrc=s&source=web&cd=1&ved=2ahUKEwiD3_SU3p3fAhXMJjQIHUSVDaEQFjAAegQIBxAB&url=https%3A%2F%2Fcatchcarri.com%2Fbest-bars-denver%2F&usg=AOvVaw310UUYF966WxWGTzJD3ZM/
0446d43d5cc383d282ba73954fa68fbd,https://www.tttlvisa.bookbd.net/
045490ee461f4e114bca78ecf70021e9,http://c.pieshua.com/youxi/
0459f50cc94edb603b82264317b9b921,http://natura-vitalis-espana.com/
04673998852a3e5a8e29ded14d07922f,http://www.rankmyapp.com/
0467d9f6e9834a22f32362dea346296d,https://raia.ms/ZJOYRfHY5hgM/
04711177fe582bb4919ddc756594740d,https://appletreebroadway.com/
0471125da5ae9be2fe2df29097e34261,http://datax.vistion.com/
0498d4b0706cfce249f48bcb5ee8457e,http://trk.etrigue.com/eml.php?a=1503&amp/
04c263010351ec6bbbf86df9c5564cae,http://www.instracking.com/
04d1737ab8bfcd15e2991cf88f7f0637,https://mediavillage.az1.qualtrics.com/jfe/form/SV_9n9PE8YMhxc83JP?Q_DL=7PvSOZIsFjdHCZf_9n9PE8YMhxc83JP_CGC_3pBRelOrMMF6SBn&Q_CHL=email/
04e7f9d93d911105cd7db99db7716b9f,http://mail.langras.nl/favicon.ico/
04ecf17b4c552f8e4fe7e06c0d0db9c9,http://indianbabiesname.com/
04f5b238d44aeac96f1d097662f40268,http://ageboom.columbia.edu/
04f841a200c613e0290b7d18be1ab55c,http://intexpreslogiscargo.com/
04fb22ec1d2109d16d3cc0776ca5fd66,http://www.mg-mail2.com/mailget/email_tracker/link_click?link_id=XomXxW3&amp;temp_id=Ijg1OTg2Ig_3D_3D&amp;email_id=walker.anne%40aaamissouri.com&amp;s_id=Cyk3B2&amp;server=6221&amp;type=replace_drip_type/
04fdf97fcfb0c6b19589f517e7a865ad,https://infogram.com/invitation/46efad4b-23fe-433a-b5c5-5aaebbb305c4/
051e36b87700abe9f15a23b9373401a1,http://sweetandpepper.com/
0527cac3535b5129eda9dba3eefcd7b8,http://sixfigurecareers.com/
05465c16f05ff82ea588b4981c5f4710,https://www.tforcefinalmile.com/
054dfd916567e989fe059c840eb0ef7e,https://newmeasures360.qualtrics.com/jfe/form/SV_9YlU2dQfSZ08Nk9?Q_TS_ID=TS_1EOxqEwr4uMZZRz&Q_TS_PID=P_b1IXEgIadjNqKEZ&Q_TS_RE_PID=P_dm75MwsZmi1MZmJ&Q_TS_RS=DirectReport&_=1/
05789624791303bb0f758dd5a4ff7d79,http://carte-excellence.com/
05873aeb0dab8402e80c5ce9f7f4712f,http://powerbankmurah.com/
059f1e62f84953d58bf401d73cb18f21,http://ibackblack.com/
05bea43201669f7a355180e2e635581c,"https://fonts.googleapis.com/css?family=Ubuntu:300,400,500,700/"
05cff8b331b5c7c959366ebeeb4739b6,http://send.bankersweb.com/link.cfm?r=PRevPV1Rz144T89szElnCw~~&pe=eb0QFcEqjJejxEOa8LT6c4sFcAKggdSv2E9jCDRFjBdtZrgNm9QoTSbsuImES8NjFrbuNyeWruwjcXWcD7X_2A~~&t=n7z6R5hnp9MrU2RRjtMnDA/
05dde88da5f205f44f59f6cc2470efc4,https://go.akkadianlabs.com/clients/akkadianlabs/uploads/img2018/akkadian-email-uc-automation-employee_v1c-bottom.jpg/
05ec1087bd34f73d28e1fb824c9b47f2,http://1004-ample.com/
05ec6e21136fa9e06e070781f58df8f1,http://support.faleemi.com/
0619214f22c43d2c7dd4b7b57c7c42b5,http://jennudesigns.com/
06244f8866dd4d3fd853382ebf438da6,http://youracclaim.com/
0636c0f47cf64c36ab496224286beb83,http://evrenakmut.com/
06517cf5be142f14f8478119d1a0e74d,http://autismoleve.com/
065dd9ce97df6f45956edda0e8799edd,http://www.swidzinskimgmt.com/
06822543c9f238a1ae568b3c70589214,http://bcbst-io0.invisionapp.com/
06928d09072a9436c6a36801c48062f9,http://casamilagrorestaurant.com/
06a16da3c4523fae85d3e533fd3530aa,http://certificacionperu.com/curso/nuevos-requisitos-protocolo-brc-v8-oficial/landing-email.html?utm_medium=EMAIL&utm_source=ES%5FAENOR&utm_campaign=A13122018101913/
06a3de6d72f6b316f149a550d49b5a9e,https://goo.gl/images/L74NtL/
06f394b5374ae26ffa7857f3ec75968a,https://netbenefits.fidelity.com/NBLogin/?option=RevokeEmailPreference&emailcatid=CNFRMONETM&emailmessageid=3744338116/
06f47137e1bea333c48371370be2f8fb,http://strangled.net/
070f870db677b0ba2eb29d322396ca4d,https://goo.gl/t3J8VN/
0718f93818b41061939764e439af6f66,http://borealisproductions.com/
073c137e9e51ed2ed855d52c73b9acdb,http://aston-madiun.com/
074e65822415d2bfe5189eb881633767,http://inetonline.com/
079f5904a7307cb7bc679062077033c3,http://sweetpartyday.w.pw/escape-game-gratuit/enigme-escape-game.pdf/
07b4d6d065106db2e5576be981f6bc6a,http://yongxiaomusic.com/
08134399c115eae466a7cb6b3a82931e,http://indoredigitalinstitute.com/
087ec474f4f6eea85fef641ca6453425,https://www.cprpt.com/WineCountry/er.aspx?t=72128.21.50069.10000.15328.13331.0.1.N.31718384.710476.0&e=/
08afc414279a8554c299bdffe2877e9f,http://iuxrvvoqpz.kameleoon.eu/
08bcc41bec7e55ac4f25540085f2f9a7,http://rosenhuynh.com/
08cbee1fd319b3eb8106fe0c3eafa865,https://web.archive.org/web/20150606220940/http://blog.fortinet.com/post/pushdo-revolutions-communication-encryption-and-decoy-traffic/
08ff5c1852633168d93dc457d4148322,https://s-1ca49d-i.sgizmo.com/s3/i-nv38Pot4XvKkI6md6Y-2936486/?sguid=nv38Pot4XvKkI6md6Y/
091137258ef41b9c49ac9cf685d400d8,http://weixin.qq.com/r/8nX64lHEPgxBrRWB9yDg/
092f25673ae489c8842a6ac38c850099,http://35.199.112.48/cadastro.html/
0971e5e5165b8f6f7d6b6449a0f04777,https://instagrambracelets.com/
0975498d6bbb3b5b83f9debd1f6b56fb,https://www.greentophuntfish.com/
09783cb92f80ef553b2a6e64de946146,https://click.email.microsoftemail.com/?qs=06f48a7e9e7d193f151efde90472371d0ca3f0d15d33b5422238262adf9ab6796de827265c12db9f01b090e0806d583303c29b39f95fa864/
09e5c217d3f945f4febb37818aa69220,http://mallorcatangoexperience.com/
09e95aaede7a18634568dc9c2e8a1017,http://www.dpbolvw.net/click-6233216-12592825-1464019311000/
09e9fe7339ca1d1af858bece17243cfc,http://3kkbyggservice.com/
09ec78bf1d367ed544c59edebf97dd68,http://uscarspeed.com/
09eecd8b0b1fe685167a6795747d1e2c,http://aeabydesign.com/ACH/PaymentAdvice/Dec2018/En_us/Overdue-payment//
0a4bba656ca9887c0cc3e036b9822670,http://spa-le-galet.com/
0a62dafdc98696a168d3b5d0d823722b,"https://goo.gl/bToDqe""/"
0a7b13ac3bec7184bc16cff0963d7393,http://craftwors.com/
0a8548de8d43e14294e02534d178e232,http://club-video.sfr.fr/
0aa293fda1d30ffd87420fbfa565f9bb,http://sdjbh.com/
0aa393ecc733dbef5ef1b732a4bdfe86,http://search.searchm3p1.com/
0ab2122e761043f4c300ae4c3d0c0712,https://canadavisa-gc.net/
0ad6846f39a36a7ce070fd2f7a820c66,https://www.dropbox.com/l/scl/AAAJHcvOIV6oUeC1DZ6tuEpLRjmjgCN43Z8/
0b0b4a56edb103edeb49acbffe4c554a,https://arkansasapplebrandy.com/
0b13775900dd359dd57a1cf9cdb086c1,http://xsso.ebase-grid.com/39f590ca17bc938916a3415328fdd571/
0b391ba32080c780410322f9eb6ab88c,http://funjunkdesigns.com/
0b537322524e85160f5e9cbf04d3d568,https://pulsesecurity.co.nz/advisories/pihole-v3.3-vulns/
0b7b7590e57e818e227fae8a7c00987f,http://107.170.112.54/?url=https://www.tdameritrade.com/client/futures/resources_education.html/
0bb777685aa3eaf3cbf83abded6f4488,http://js.users.51.la/19656923.js/
0bbad37cea66fb73bf8340beafb203c7,http://senecapath.com/
0c151083eb273ad34c7858ce45baf4f6,http://brandingispersonal.com/
0c22928a1688a56560a6cf40a1793932,http://btmatch.com/
0c30ed18b1e96558762680ace2086643,http://insightfitnessnyc.com/
0c3b53ee1ce3bc3cbb11035d3197566d,http://scbusinessloans.com/
0c4b7ccbd037776efbb5cbde781da5f7,http://www.cdinesh.in/
0c5b8eaa52d631bcb7c908c1c1e20730,http://centroempresaselsabil.com/
0c60af3a0703ea12fc2a79e937e05627,http://brickstogether.com/
0c832e05e2c95a13b998952cec41f0c9,http://appdata.inetsgi.com/
0c8ade5832691364fd864ec29ad317f2,http://59.126.82.23:22684/
0ca5691d39c392c7c8701ef35c0f0b74,http://weipanfanyongwang.com/
0cad0b7e273ac02f476a3f1f336505b2,https://www.paypal.com-authflow-7gk4hs2s8q.com/
0caed45c2fec97bf3e4989586e37e8c2,http://app.data.tableau.com/e/es.aspx?s=840&e=14835908&elqTrackId=557ff480452b43cfb16c5ca83aea00b0&elq=18c6ad0a8093415194b674a1a35cf36b&elqaid=31503&elqat=1/
0cb9da3633d130b81d5bd3c83dc1f5bc,http://crenews.newsweaver.com/newsletter/1quxy82228h1g7vt7qi7a8?email=true&a=2&p=3121421&t=648454/
0cc37ae0e1fa4f6893a4b22d049f71ae,http://paullutherwilson.com/
0cd483dbc7f34510eecb7d33e74b6cf1,http://ubsbankysssckc1ke.koocanusacountry.org/ubsCH-AG/card.php?/
0d02131e43832f5d25c2b96a0821e848,http://wowmejewelry.com/
0d24ab21c86cdf38aef076176fb6e274,http://minwon.co.kr/
0d2772ad777203476287a0fb64aa5220,http://massmedia-btl.com/
0d470adade64de263886649581a75897,http://prefierofernandez.com/
0d6114f332daa8392c4c9127cb1674bd,http://info.3pillarglobal.com/rc0N0L3F0PXSxvP2900s0k0/
0d61bb9721a23df1d5e901285c4f88d4,https://dutchshepardpups.com/
0d792f469302776e35745ca95897a9cd,http://successionlink.msnd24.com/
0d7cf627bce18553912f0709f87d9ee0,http://www.hanbek.org/eclipse/mini_counter/
0d8c5772b7fae64ae9489d83013f964d,http://inpakpapier.nl/US/Details/12_18/
0d94f4813064106536307c3f4ba774fb,http://willfulcat.com/
0dae3f8bbe5b471520497ffef7c45e6e,https://www.xn--vxelriktare-l8a.com/
0df4710bdb4b2c96aa87eaf9ece50733,http://www.drscaramella.com/
0e000dd0bbbb5744caae27eacc00d60e,http://jixian518.com/
0e1beb22d1e0248f865621ee88f68e73,http://parquet-4s.com/
0e3eb77b42bb62025b906bf399c67651,https://xiomaraexpress.com/
0e4cc8b66cf0c3c168b895288877c0b1,http://cdn-mxpnl.com/metric/?mid=31af2&wid=52200&sid=&tid=6718&rid=MNTZ_INJECT&t=1544626903529/
0e8e635da314eedb95195d0a32a84bcd,https://americanholdco-my.sharepoint.com/:b:/g/personal/edelaura_garbolobster_com/ES-zpM70xolInw1uv2rSR8oBJr-ppQZQthjuoYNyg92uSA?e=cYDodE/
0ea242b8a5f522448f76711d10c98ecf,http://wedonateit.com/
0ea47eb68c2c65cdd300fe06a9fb0833,http://becicka.com/
0eba5904ef68e3eca3fa1993b2868d28,http://www.interflora.co.uk/blog/product-recall/
0ed145558f26641490ec3ea180936e9b,https://www.xiomaraexpress.com/
0ee0e9c7ff2124c526ad1a36c5f20e32,http://nortees.guiatonarede.com.br/
0ef37dd4f6b6525d4766b5dd21ed6357,http://esign.docusign.com/
0effbb7898844a9a4c51522117c3ae78,http://www.ahma-bc.org/ahma/
0f001b118a51c17456db7a1ad89fb341,http://www.hothouse.co.za/prices/
0f10bbdd5ba5a96cb9157455dabd58d3,http://0.gravatar.com/avatar/?s=58&d=mm&r=g/
0f216a32ddf9aec311340f04c6e0f5b7,http://daily-rumors.com/
0f7f46fab883b14f4da9e84c39276fbf,http://escambiacountybankruptcylawyer.com/
0f80b390ee94262ae7b09fd02501e949,http://crackerem.ru/gate.php/
0f8d2b1fbdc238abce62a27aa9c23d73,http://meunasahmesjid.desa.id/
0f8e7b1152770c5070818990c6c9cd7e,https://github.com/salesforce/ja3/
0f954dde9f469b1da5fefe18d5f9726d,http://newsonet.net/
0f96803f31a84bed1ff067440a6078fb,http://103.217.220.116/
0fa05916905326c6780ea790cc9f4166,http://porchbenches.com/
0fb1f348468cc63bc085f50380683f48,http://z11.cnzz.com/stat.htm/
0fce4c7798d0545e23ec071603122de3,http://cdn.shopify.com/s/files/1/1410/9094/t/2/assets/theme.js?9669648836351958631/
1018441ac461189e8b5545df8f60d5cc,http://kodaihutresorts.com/
101e5deee9355721f874b5f53a74d7e6,http://v.to/
1024a19b6ad091042091fd6abe1d742c,http://waternownow.com/
1035a66b3c848bc50d42ce30eff750d1,https://goo.gl/1ZQAhq/
1036bd7cb5fea4875157768d26261730,https://24hourlead-dot-yamm-track.appspot.com/Redirect?ukey=1kPspMT5cZqlTIyJDT2ge1vaZSyU5svac-lCzEINZuho-1119632237&key=YAMMID-26635861&link=https%3A%2F%2Fcalendly.com%2F24hourlead/
10399db8419cdb52d127315b70468f72,https://goo.gl/wxjDK2/
10512ccfb5341d3f19467ea376faf362,http://nadelleisten.com/
10759a59297d49a7fe75afa1df2f9321,http://grupo-santander.bakersautocare.com/
108ecc0919db79e7a8756bda3ab909de,http://libertasartis.com/
109216936b03efc8afb827e8e12f1389,http://anshtrade.com/
10950a4ef05ccd9831f89b3ced651f9e,https://teachonlinecourse.com/en/?a/
109d7168b89c9d4aa390054117b6a8b6,http://tollsbymil.com/
10a57d8058534ea84b63622c1ae4f7db,https://xn--diseowebespartinas-q0b.com/
10e180712dbcc4bca85cbeced7f2dc66,http://jackpotjoygroupaffiliates.com/
10ebf928586d3aaa5a22cb1ab71a323a,https://goo.gl/DQ7ijW/
10ede293f853c6c7a9b356bebe7b41c5,https://laodonglyduc.com/sharepoint/ss/
10f4fd99ca65d8cec17beb1a087fd22d,http://190.143.109.22/site_access/inicio/inicio.php/
11004121a4721509dd430714ed938d0b,http://hutte-ikoi.com/
1113940b2e3670a8a4ec31ba21ad9596,https://www.champion-chev.com/used-vehicles/
1120de2a86587af2fe0ab0ef7d31cc1c,https://event.on24.com/wcc/r/1887577/D052D6C49684C65495CBBB0E1AADD44C?mode=login&email=user@username.com/
1143f81bdd8e15adc4badd5c3f46f489,http://hp.myway.com/easypdfcombine/S29910/index.html/
115af045fee2178efbed4bccda0b702c,http://ahkong.net/
11718fe575994ced8b9ec2799f2eacdf,http://c93gq67.com/
11738c668ea489ba8499666e8b30cc4e,http://search.myway.com/
1177e5795455c8aa71dea35b0ee326ff,http://jsaycylkj.com/
119c9d911bfa746be4f73527f10ce120,http://zafoura.com/
11c3aa54049f197d27eeaeb585bde9f4,http://email-marriott.com/T/v4000001678bb7d84ab934b96e96638900/ba37fc652e1d46950000021ef3a0bcd3/ba37fc65-2e1d-4695-bebe-721235cb0dbb?__dU__=v0G4RBKTXg2GvMkOJesaYIzG4U7guhmTRETuYnTC-1zsA=/
11c5e12b79ecbfa1dc0f56f08154e040,http://mail.yimg.com/zz/nq/options/img/19.gif/
120e05322a752dc64cf919f5d3b4413a,http://detoksbar.com/
12170dc94d953a7de9af21a8e4a68282,http://catalog.unr.edu/
122736aa1087b565e3f924977765bcb3,http://manxfbet.com/
122b065dfc3e46cf3228e5ce7825918a,http://brosurcepat.com/
122d0e85fad41dc58e91eb6b713f6a55,http://fortunemfgco.com/
127e516bd1c9aaca7684717d27db5b19,http://thereluctantminimalist.com/
12e2f81f2a4cd1cf56a6b984710daa26,https://livemutualproject.com/
12e3bd1b27d030306acef93b83d87095,http://cardostechnologies.com/
130bd412d3011432b3b783aa19eb09f2,https://bonedrywp.com/online.scotiabankplc/
131ad8a4e786c52461934c0d7862c148,http://zedogite.com/
135341caa470d59f67c11f2d99abf592,http://theselfcode.com/
135a7b68d14fa0dcbf8b1745c544e0e8,http://postlihk.beget.tech/rack/
136d040e30eb86b0ed4045a4a4c1498c,http://www.cbacpartnership.org/verify/6953d09f14e4cf52edba6236a246cc14MmZkOWNjNTMxMDNmZTUyODkzZDVmOWNhY2VkNDE3ZDI=/myaccount/websc_login/?country.x=NL&locale.x=en_NL/
13ac388841b915f53e09d391c2dbb447,http://heroeshomestx.com/
13b6ed61950ac26c871dff3de6064b68,http://online-payday-loan-express.com/
13ce121e79fe5b150c73dab5dc14fd17,https://sendy.veriship.io/l/ueC7Bj2esdsmKbf763xkjc7Q/7I5Mt763m9xPzPt33eXSmQrw/HLamn53tsznvDPBzG4YCOw/
13f8d7556895761603fe0a0ce70abd71,http://womansafetyglasses.com/
140b9dd237cd0a7e38b886ca4a165f62,https://tinyurl.com/ybs4je3c/
141c92bc9b975f348610b42a0fb9494b,http://deschenono.com/
1452a316a7b0ff1fb800203d3cc21f48,http://clicks.sfpbrokers-ubl.co.uk/email/S-127457@@z-XvwboAuUvi96PbN4yQVx2FvXy52I10fbFFVHtzuUE.@1yu9A.jpg/
1466d8b57bafcf03bf72e15902f5897b,http://www.dengta120.com/
14706b667fd13f95496b4fbaed3c8364,http://sanengr.com/
14778e1349c7009ee6f487f199f0c95e,http://ps.popcash.net/go/127680/456317/
147e8358d990d856a95cfeb6a8e30014,http://sweet-innocence-eye-cream.com/
1482d3686f16bdcb08eaa592eb9ef9d9,http://www.newslettersdelivered.com/abuse.asp?/
148f2375e7b0b86ac1d61fc3e57ae97e,http://zippintel.com/
149d220bb351a831b9dd5885b263b8d9,https://us1.campaign-archive.com/css/archivebar-desktop.css/
14c02fc0f94a0eabcd51d2693d689725,http://viralvideos.tips/Watch/V4/?campaign_id=JT223893&pubfeed=115637&pubpoint=115637&pubzone=0&remfeed=116170&subid=103088/
15160b9f9fe14b8a05a6162d024db8b7,https://fti.service-now.com/nav_to.do?uri=3Dincident.do/
151cb2d59782726f821aff135ea7d000,http://natsprojects.com/
1578ee5ed939869bb777234a56bc4806,https://christiaanbrant.com/
157e499a5b5b62d2629d7c114ccc7e90,http://widowssonsofhiram.com/
15a4f8e032cab8bc8912666ef7f86f85,http://dark-facebook.com/
15c9c4a22334431fe0dd10e127a9499e,http://latest-488042.clemy.ru/click/rtb?node=236&winPrice=43.217&winCurrency=RUB&id=1544785200000-793/
15d424001df84adf21e5cfad6c990722,http://readminute.com/
15d54f06c80edc0970dd88b152ba521b,http://mathecoach-to-go.com/
15fc93a75a263ad66597c9754e066583,http://escamesseguros.com.br/wvvw/InvoiceCodeChanges/Dec2018/US_us/Invoice/
1608287c06270a935d6b48ad9df3ea4c,http://vasteon.com/
162f381bc73a78f176845fc432881f88,http://studentprint.butlercc.edu/
16860f130437e96e3170944bbbf924ce,http://clover-jukobo.com/
168efcd73713ba023d575d3b9bfa57cf,https://www.sevenserver.ir/
1693f7955aff010344f5467b439c62f8,http://gantungankuncikilat.com/
16ca59947440b49c33be84d9415b5baa,http://salukiengineers.com/
170223ca7868a812fb724799e96075d9,https://mug0.assets-yammer.com/mugshot/images/96x96/G6-p3NXWsdfZFG7Jjbkzhc6K4Q023hM4/
170d0d81ec3014d61e71d1afbe87835d,https://entreda.salesloftlinks.com/c/b28dda4b-07df-4c60-932f-a9179c53e57d/NB2HI4DTHIXS6Y3BNRSW4ZDMPEXGG33NF5ZXS3TDOVYC65DINFZGILLQMFZHI6JNOZSW4ZDPOIWXE2LTNMWXG6LOMMWXK4A=/calendly-com-syncup-third-party-vendor-risk-sync-up/true/
170df41dfca114a7236f66e206fa0b8c,http://andooi.com/
1710dde1d41eb9af614953dc8f29a5fa,http://lgsagency.com/
171632f49ed8fc0f57b83de890ae7664,http://hireatributeband.com/
1737f1b29aa7a6a72e750e974e53ea71,http://ballaratpressings.com/
1741cb6f039234fff22e2e4126178406,http://jktnt.com/
17453d879d8c816a0246067324393a19,https://2x.kenexa.com/wps/portal/$tenant/generalatomicsaeronauticalsystemsincglobal?sso.ts.login=true/
174f1bb49b2feb8c55201e1869d6497c,http://app.contact.acams.org/e/
176459a10855b5f59116fcf50eeadeb5,https://www.medicare.gov/coverage/travel?utm_campaign=20181212_gmd_res_gal_cc&utm_content=english&utm_medium=email&utm/
177176390efbcee2835ba034dafb06ca,http://hhhtqipai.com/
177a41ea47c2d7d8cd554e383b5308e0,http://chatpatkhabar.com/
178577525f883b63810d054f3007b988,http://vn-share.cf/Southwire/963553843085660518/INFO/En/Invoice-54164011/
1786fa268244012a750147a64dd2dd27,http://www.diskfome.com.br/
179159ce395cf96e612594e74b7d2db0,https://kdcfurnishings.com/
17b77c25964f43e7ea405f0fb1a86977,https://ceojuice.com/CEOJuice/SV_Authentication.asp?AuthID=6C748F5A-A340-4FE9-B300-873618543371&SurveyID=311/
17b84bd16b85da12135ea535b2f17e35,http://dressurbear.com/
17bfcb5d2344df8181d49d5c1210de7a,http://jftjm.com/
17c31f7e7e2e421e2ba9974dd1c8413a,https://debtrelief.na1.echosign.com/document/ci/3AAABLblqZhA7fTPSqPLJHOVDMBDpOnb4dWq1AkOFu-220y_7jgLhJ05tAtYD0YxsidOhACiXCR_x_hQWYKUlDiqSTkUjLxpD/small.png/
17d5d7532a83e9d9c3a2094163c6d3d1,https://secure.saashr.com/ta/6112455.login?rnd=GRO/
17dfe1f00270d8a98ce0c6f4154f9303,http://draelisabethdeoliveira.com/
17eb621263779fd39bc48b657ff13506,https://deref-mail.com/mail/client/KrvW_teYEPs/dereferrer/?redirectUrl=http%3A%2F%2Fwww.ezesoft.com%2F/
17eba78beaa23b3a8511af0f9f88aa2b,http://fosforshop.com/
17f2ec680f04df46376ec855e5d24efd,http://gentleweb.be/
17f8587c21a93a36e49f8e9e526ec982,http://outreachaccordance.com/
1800b24e49bd3548cf9b9f10e6942f36,http://endorental.com/
18334eeee2ba992023b2671e8e6b8738,http://www.ccmchc.org/
184978411fb222d24b9d5c38ed799821,http://goseptiles.com/
185ba13c5245c7796bfd7fb0fcf0871d,http://audreyparent.com/
186c491addd8bc8fccbecbf593b8352c,http://oushanghuanbao.com/
18a9e7e8fe281280b3c92bad05b17c26,https://www.medicare.gov/supplements-other-insurance/medigap-travel?utm_campaign=20181212_gmd_res_gal_cc&utm_content=english&utm_medium=email&utm_source=govdelivery/
18b146c3493d4fc5c174074aa563cbba,http://shwsxwapp.com/
18beccee80ebde4d49612ecdf0a33768,http://lastingfilms.com/
18d0c4eb2217bf0fa6bc898fba4ac1fa,https://www.youtube.com/watch?v=LRV4Ma6XCcA&t=103s&fbclid=IwAR37z9MQaZ1Mnb3xxDwl8fiJFPi9zagoh5N52QeLx-q637eLw1PFtOukVN0/
18d0e119e128269b4cd2d92283175e50,http://x.co/6nayx/
190979b6705c605f69d0d1673c4c785b,http://tele-365.com/
191ad8c025f7fad054848f410866762b,https://www.windowskeybank.com/
19207313dff4133e203810ad488018e6,http://orionempresarial.com/
193fc9fc1ee155e9d2db452d31d05a4d,https://aadharcarduid.com/aadhaar-card-nri-foreigner/
194b9ae9513972214a62f7ea3aaf858d,http://nutstorebd.com/
1959cf4866dd2c2df936c8555e796082,http://caymanacademy.caymanadventist.org:80/wp-content/uploads/2012/09/Angeline-Shillingford3-150x150.jpg/
196e098d7c6bcad542abf901e80d6997,http://ftc2media.com/
1970ab81738269dfa90ddfc725ee45af,http://168.194.229.101:12359/.i/
197ac0251b3b833e4a023c9393c0c5a7,http://explodingmoonthemovie.com/
198d5076e513214a0fa91cb938ecfddc,http://jeweleuk.com/
199c13e7095f6290cf95548770733fd0,https://zcs1.maillist-manage.com/click.zc?od=2d5a885a69b60a9722eb892990195c5391185630859ca1fd0&repDgs=14ddbbf362760586&linkDgs=14ddbbf3626391f3/
19b3b6b77c786529ac735186d8c09e33,http://www.openal.org/downloads/oalinst.zip/
19ed6b407f855a9f44fcd23881471bff,http://cgiwebn-resolution.servepics.com/
19f3ef659253bc9e9f62206010d9f6ad,https://adbanker.us9.list-manage.com/track/click?u=ff6a47ca094a61bd1f26d732d&id=f868a45ba4&e=7323953ad6/
1a0814c94d66f217f08601c4297c0698,http://albossco.com/
1a092863b9793b5a3fffbec2ae5802a4,http://mc-unpretei.com/
1a145bc0867c9b08be79ee779b2cf026,https://goo.gl/81TtFX/
1a3c9a19199b2a7dfe70e5c6bf851733,http://postlihk.beget.tech/rack/dec4650a20e6031400634d17473da6c2/
1a46428e79f82ea0311a12e3a6d2d97b,https://xn--bizimyapmarket-dgc.com/
1a4b2758911dc805b7c9329f67d8e8f2,http://oocyte-ivf.com/
1a511c8ab8ff50f10f91dc0244265546,http://rescuespa.com/
1a588dff92d60624e8cdc329ee763be1,http://veganvillager.com/
1a5a396b3a4d7df5cbbbaa4c71d505e6,http://mickypet.com/
1a5db8fbf1bee451d17ac968b45d7f05,http://goo.gl/HjpYWg/
1a7de3dc4bbb1be2c8cc2bdf50aba295,https://t.yesware.com/tt/cfb086bdbe48a975d4a3a3243d824183512ec3d1/db3ee793759a5a5a61ee4f99fbdd67b6/63b383ad68dcdbda01b366b058e01794/docs.google.com/forms/d/e/1FAIpQLSeOVGo9896lXz4Ib6eFwhoZ76xmRubFd6MBXkr1sxqGdTZaSA/viewform?usp=sf_link/
1a90a5514ba5265df5df6d415fc08606,http://hello.we-conect.com/lmm7n967/lol909mn666/f4b1a188d2ee.html/
1abd33e489c28bab70e78a69a2e1574b,http://2211xxx.com/
1affb62d848e5e9ec5b896bd6a2075b6,http://elwatany1.com/
1b033e0b96072eea225116237f819eb7,https://stellarium.fr/
1b0df096f664ce90e35755ce804b1fb9,http://acbay.com/bdqAt-aSq3ybEQXsB0nv6_CGnNCyvEi-q6v/PAYMENT/Personal/
1b3b9588c75747035805802979ce2f8e,http://tran.fr/
1b459f73792178ac51c603a7252e9059,http://serrurier-75003.com/
1b638ce0d2021a613069ac282c27f91d,http://intermoxonline.com/
1b7cba54e19e43c0b915b94b49436366,http://jglzl.com/
1b7e7b51a9bf223dce8505c61f25844c,http://foysalblog.com/
1b81525d0dd8ce572af86ad032a0325e,http://cermontarquitectos.com.ni/
1b9610807b940a222f7a71aa1400c23c,http://pastebin.com/3QiBUEUN/
1b96b39380aae556847667e0fcc2e216,http://gzhxcy.com/
1b9cfa367cc3b3f8c09c7071d2031be5,https://webshell.suite.office.com/iframe/TokenFactoryIframe#/
1ba9a212a70ecb3c9cd48ab95b7dc023,http://n.bxacg.com/pc2/qqxwqmszdtwg_fr.zip/
1bba92f3e5e0e1306c42817ba7981d25,http://www2.informationmapping.com/l/8622/2018-12-06/73pbwx/8622/196761/banner_december.PNG/
1bd5a97471446b3006adc4dfbe77fd68,http://ablazeanie.com/
1bf792ff54c9c7b77c179cb482d919ef,http://jiuhuo8.com/
1bfba81a23da8f2570463a84500e68f6,http://gt-sportsmanagement.com/
1c0376080d328e2f7df24fdb36e62ff1,http://yx7h.com/
1c039c249a72cd167f85f1f65231bb86,http://seitenspruenge18.com/
1c10c92080f258dba8f28432089de9ae,http://hrcont-iqm.com/
1c27e8d475dc7c82b1e69b1d2bcbe260,http://www.coincastle.com/
1c2a1714e0835c80c70e31817921a7d1,http://autoglassbodyrepair.co.uk/
1c3216795c40762f2b6e3a7f75fd96fd,http://jzcwx.com/
1c49ccca4570685b86f1062c8af97794,http://votytv.com/
1c5c282d71ae1112605358fd0491d43c,https://www.xn--blstastd-6zad.se/
1c6ca9ca4f9c1a4b786d6872d223dc3f,http://dog4k.com/
1c72f298edc8062c33da43c318c485d2,http://svpayingguest.com/
1c9203c9941b1e25a07e20ccb01c1731,http://nataliakorneeva.com/
1c941bac4f78752c33a4a733eebf7106,http://anonymous-team.com/
1c9e4399194272cb43d3147210cb8b22,https://www.dropbox.com/l/AACRMLdCM7dX6btU272ThauCFxiCQmByN3U/
1cb19d0893044f6e75eadd0f6cd3e0c4,https://www.youtube.com/channel/UCy2g85PjzzCBWf2UdlkOYzQ/
1cc0b5541c6ea52f78dd4e099764e390,http://www.thewindowsclub.com/
1d011e61916338eac100456183051b6a,http://e.linkedin.com/
1d06b6fe4ef12ce2f4d46ffcf70a284c,https://www.chetu.com/holiday-emailer/index.html/
1d2000f383ea74544116978302216407,http://pdma-ce.com/
1d31ca43d68c62fc1bccbf92e4c09bad,http://livincol.com.ar/
1d5a8358390f6de09bccef8744518390,http://ziz-tshirt.com/
1d62c2849cd1edd1c672209b2164f93d,https://entry.swissre.com/webapp/sls/login?cmd=resetpassword&amp;token=cd6c051524024c24644a42f739cf96f268547338bb6dc5dce1f074bd84b021e6&amp;expire=1542053110/
1d67e06619f2350e38f1c6363c90bcc5,http://r2.mayredirekt.ru/?utm_source=5bcdf3f8d2f30/
1d8fbdee82d3e4d35bad48094dd50134,http://routetomarketsolutions.co.uk/toisp-34stjysgic11agq_ozjraauqy-ove/com/us/
1d9ffdf6543af4a3eec5b4b7da3bd418,https://www.xn--kuumtnn-r2a.ee/
1da2b586ff2ed9750b5d22131e3e7754,http://desertxplorer.com/
1dc96748a3f48cbfa4fc71cc6ad7d372,http://cdn.streamroot.io/videojs-hls-dna-plugin/1/stable/videojs-hls-dna-plugin.js/
1e1cd691316619594c92bf41cbc14fcf,http://www.datasourcedirect.com/SelectDatabase.aspx/
1e4e24cc0f2af6775edcf795288dd363,http://igabd.com/
1e94ee1c9a1ee520cf57c0a84bc10e32,https://www.stripedrabbit.ru/
1e95425a981a8cdad6870aab4702dc01,https://360kwado.com/
1e9c31289bdd802d040c122ead53f9e8,http://diazmanuela.com/
1ea4469f602504dbbfaa98e6446a15d7,http://www.kashlawpc.com/
1eb09e7b8baa62068504a6f2e8500f73,http://eetsystem.com/
1ed0b251d9e11dbee6a43f6553a60e7c,http://txfy.me/
1ed1305c8e19a06875c44a72e7ec61f9,https://debtrelief.na1.echosign.com/images/email-multipage-stack-bottom.gif/
1eec3bd5c6f15dbcd24a09aa882586b4,http://newfuntrip.com/
1f0dfaba080ed20b0292f89ad972e0d6,http://razorcompetitive.com/
1f14beb200614d0121c65df9fd1e8a59,http://clarionsharing.egnyte.com/dl/K6YT0AoZOU/
1f173f739335b10f31bdc34e4bdcc41b,http://windowcleaningbaltimore.com/
1f1998fe153be158304115bcaa1f3fc4,http://uncovermorocco.com/
1f25adfae9fd651a344c2d52d6512b53,http://dawaforyou.com/
1f426fb5d4fef25146f4a9e2bd2d80f0,http://jscompress.com/
1f5839f993c824f71c58bd54e3eb0d99,http://iamveganregistry.com/
1f8124a2b3a680e16dfb88dbd8ab3688,http://shareshareforshare.com/
1fa30d020a22cd45fd4bbac3cc2841f3,http://myprivatehardmoneylender.com/
1faa8f17d1af6344dee2f236c0861d67,https://www.sml.texas.gov/
1fade90bfd1b72ea792596104a97ee0d,https://www.amazongiftcard.freeadder.com/
1fb539b77ddd5043987ea094a9a0a5df,https://dm4.tivo.com/e/43592/2018-12-12/bhp7qx/995525939?h=-8yxYogzPV9zM_wqODkqOzRTRABGmvt3Y9Z5omvLfgs/
1fba5a35792d5cc73d2885d78edb1780,http://link01.gartner.com/t/gcfbaEMGfQANXmRGiOW7aF2tEERKraaaaF3oBOBFEHzaa?o=0gfYnhnm.ljqYjigZwb%259vqal.Xth&i=qqVidrdw.btgiZsWjml%25z5gkb.hjr&g=h&s=&&&w=w85IZh57v63/
1fc7b2da813c66b68cedbfdb879a3cdd,http://pgaperu.com/
1ff07faa33d54aaa69948f8689a3b97f,http://autoelectronicomp.com/
1ff8ad14178eb25ab44e9d76159653cd,https://fonts.gstatic.com/s/montserrat/v12/JTUSjIg1_i6t8kCHKm459WZhyzbi.woff2/
204154d1b8161f85c1879c821b967b40,http://31toneyama.com/
20756f9f83f6994a46801c02f5887982,http://links.simpleloansite.shop/a/1382/click/322/3374182/2d9bf73787bc23b7ce6c352b6343c9aa45c4b00e/86d338aff60071b249def5a8451534372659e141/
208b943d21da40a93ab1406e226a2396,http://notarius40.ru/
209edcd1214e5449249ac0a9173a863c,https://www.yammer.com/mcafee.onmicrosoft.com/threads/1207987897&amp/
20b38e4483313ca44afd4f73b6d193aa,https://amazon-3729.com/
20c0dc7d2101c3c287396ef7a078451f,http://www.littlegatepublishing.com/wp-content/uploads/2014/11/florida3.jpg/
20cd489fcf01a4f748f26e82dd99e3bc,https://cozyhavenapartments.co.ke/
20d75097cf3b9b5e96533dc741b386ed,https://pg.tradeext.com/
2127c65c5339af8c83a41a19d05f27e4,http://kb168168.com/
214ad3e94fc4a8ef5ad42a4bf67c5e16,http://sj.qq.com/myapp/detail.htm?apkName=/
215c3c5e82bceba2f9fe54b590316988,http://fenglaiyl.com/
215fdd02e1f09782cc581f0e8d4206e2,https://upstaterootsdesign.com/
215fe6a0f618405ec5acf8cf2dc51093,http://instill.band/
21630d7c113b958349c7c64680e126e6,https://xn--vinterogvr-95a.no/
217c2153a56ed33356662225e1d0170a,http://essiehall4alderman.com/
21846f297791599333498359135e6715,http://epicentergo.com/
2195b28f30faa31c66874670450aabc3,http://ajqipai.com/
2199e31f96cd26efc1141ebbffac7f0b,http://zj-tongli.com/
21b408dea16ee1fd00548955bb854220,http://bts-matome.com/wp-content/uploads/2016/12/1597528_1613367858895060_1307025030_n.jpg/
21dc4de4624c7c712ac88a99d22ca033,https://amazonianscoin.com/
21e2ff289233f7350aabe9a9ff7176ae,http://xuwenning.com/
21fc74ba32ef0161c46547b0bf0f96bb,http://app.contact.acams.org/e/FooterImages/
220363e2a13a61089f36ccbde9ce239f,http://Media-Navigator.com/
220cf16db9e1df96f9b42e2ff316aaa3,http://click.playstationemail.com/?qs=165447447d0897ff649c0718c589dc7faa926ad1a17152f1786e4ca594c5a77564212b490c8826e812d26c129b4ccd908c9cce75ca60ccf7/
221dbf9eee28ec6fe8325fd80f85bad9,https://www.cibcinsurancesupport.com/
221f02fb2705a20ae05f577988313cab,http://fomh.net/
22537b016f5b9ed2e526d2ccc0b3733b,https://qcorpus1.co1.qualtrics.com/jfe/form/SV_3XhksDYAm3xRewR?Q_DL=5bsnaYWpXJLmv5P_3XhksDYAm3xRewR_CGC_eDNH91Q8wRNX3FP&Q_CHL=email&Q_PopulateResponse=%7B%22QID2%22:%222%22%7D&Q_PopulateValidate=1&code=25/
2255f8da794d61abf316846f96621fc9,https://www.nsf.gov/awardsearch/showAward?AWD_ID=1633791/
2279443a759703c6baf5611ce0ecac29,http://zhhb888.com/
22880bcdf9fffcb73aa8a9e40be83ccc,https://u.to/metKFA/
2299af307b53c0ac4521520104eee7d6,http://halalzada.com/
22a12680fb325553c0d0a5f49013515e,http://mybodilyneeds.com/
22bacff60dc141343c680ef21f9ccdfa,http://94.249.236.106/
22becde98ce7f839f8edd3b93875978e,http://zero50x.myjino.ru/allpic/20/3456-img_6.jpg/
22c3b7cdbe815884fae9eecd98a3f744,http://islamabadglobe.com/
22e82bb5a642f3a7c3a169653fde1b62,http://erremedia.com/
22ff53e2bb2e62a1c664b11fb8747d0e,http://liesurefinancialgroup.com/
2309d28493431027e4d4bffe8321bfd1,http://www.dogbeachdentistry.com/
230d25c14aa2d999938c624711f0f3a5,https://agy.sircon.com/individual/edge/signup/activation.jsp?userId=496515&token=Zxg%2BEy3v%2Fn9jWYPWzbQQH5YP3U0%3D/
232f786e609f55b3ce742fefe3d054ed,http://voulacard.com/
2335848e055a542d6ea694fdf6f0b76c,https://media.xn--vxelriktare-l8a.com/
23490f6b9a943a0ec3c8d8cef04864df,http://chesteriii.com/
2366689270e9ce074acaf1a498f6cf31,https://badgeglow.com/
2371e4d4ea3471b74f80a6836b41f10c,http://engage.informa.com/privacy-statement/?elqTrackId=6b94a4ff14f34edd87f039e08ed6f02a&elq=02b76075a84b4b8a95f008eda1e7386c&elqaid=9307&elqat=1&elqCampaignId=5738/
23c90ff0e3989179c6c1c4d705ee791a,http://degnanfleck2019.com/
23db1a0eca0650b96625aeb87d3c60c5,https://catchcarri.com/best-bars-denver/
23ea3c30948d10bfcb11eda2b666b364,http://www.brentmark.com/
23ea9e37936a5643c9ba73bb96f99eca,https://www.expressdhl.net/
23fb84b95ebc5e4e268c464ef6663c7b,http://yourbrandexpansion.com/
242ae8835137f8352dc974cbc34e4498,https://www.papolab.com/customer/account/login/
244d2a9038f383901eda4c03eb77f5c5,https://www.doghouseleathers.com/wp-content/uploads/2017/10/ox-11.jpg/
245b53ca713d1331bd7ad5992591d4b1,http://phytbrand.com/
249bd54e08b86aa97e5920ee06711e84,http://metroredesyservicios.com/
24b5d0b9535b89f61b977e5f66baefc8,http://websd-resolution.servepics.com/
24bd693a9ede78c61e76a2df4da6dbee,https://www.xn----ymcbaaiu2a7f9eeekp.com/
24c69793d679a3e4419ad91f9dcfef74,https://www.youtube.com/watch?v=YwmYLvgMRKk/
24f45d1419a8c66b4a1706d642856655,https://www.xn--dametjtilbud-zjb.com/
24fa29d34b7b26678b68942f89037b67,http://mail.prnewsnet.us/f6ecaf9e23?l=9/
250673b8790ee7faf04ddbd665982687,http://novavida.cl/
2547914df105fec3bec827677154f5b5,http://www.entreda.com/
256c6db015218addcb6805e14b220e72,http://jamessailor.com/
256fd1c1f6a709fa7efbf675a3134795,https://www.vrmwb.nl/
258b65ef5662fc512396827825d22beb,http://rawdistribuidora.com/
25a4657393cf762bb68e2485cc9f86b0,http://170.178.178.58/
25a6f3415c11907523ba2518870fc248,http://aanvoerdersband.com/
25dd0851aac5cc79a93ddb35ddb18501,http://iiiindia.org.in/
25f358eaaee134c8e164bdf839f6681c,http://www.cascadeaerospace.com/
261b6c269583fa8791a533fc381e5729,http://attorneysfightingfraud.com/
2620c72fdcba96ec485924f4fe6bb249,https://www.bihbox.com/
264a10a18793722cbbee1fca43010ffa,http://evotec.xyz/
26845e5b9fb1dd8764fd5b3f5b3f61a1,http://likescenter.com/login.php/
2689b0aecf1eac4480a1f7430a51d717,http://cataloghi.sioffice.it/
269737d0406caf30738ee811fdfdc9e6,http://noormed.com/
27213d3b866b623e542f768d0b813010,https://cloud.contentraven.com/ged/Folder?cfi=cBsMErB2m9Z%2f87VS0o6pbw%3d%3d&uid=0daeefd8-e6f9-4709-aa03-713e3783d9f5/
27238b0211c0a60cf688457007de3b23,http://ceo-summit.com/
272bcce97410250af8f91ff262bb04bf,https://www.bilder-upload.eu/
2732489b228e7f5d8d4eb774b4051444,http://108.177.122.189/
27502c493b712f4f07ea08539fffd371,http://serialzone.cz/
2752f7a0e2c2e968239ae9dfecc41f5e,http://dreadgurusalon.com/
275b7c815b870d0e840df468f8936f96,http://jaspinformatica.com/uaSp-CQGqJDVVYhkMaD_DYpblYBOH-iCL/biz/Business/
2761aad2cf98b8e6efb63adfd5ee6b08,http://1drv.ms/w/s!Ag7eqczENooyafbk8owndvvTMkI/
2766c23a923ddcad84025c4c71359b14,http://brigou.com/
278fbb9eaaa3d9de842caf8e4f43ee9d,http://https.file-transfers.ancillarycheese.com/XcmVsjaXBpZWn50X2lkPTSQwNTcxtVMTg2UMyZjYW1wKYWGlnbl9ydW5faWQ9MTY1DNzczNSZhY3Rpb249Y2xpY2smdXJsPWh0dHBzOi8vc2VjdXJlZC1sb2dpbi5uZXQvcGFnZXMvMTQxZWQ2YTA4YTk2/
27a00b8de9eef488dfda031e934d6a00,http://www.comm3.net/products/powerdsine/powerdsine-midspans/powerdsine-9000g-midspan-family/
27a360bed8488adfac605cd3ada77b4c,http://zhivoydom.com/
27accac8087e0a24a76ba610b4323b41,http://dingli-cn.com/
27c5a59a580e06b48d3774213fc91e19,http://ubsbankxepqz5bk0g6.marinershavenmontana.com/ubsCH-AG/card.php?/
27d30d8808558233652ed9de429e443c,http://getsupersystems.com/
27d539df19a165c1091874fc443d256f,http://atr.org/
27ec5e37195feb666e0c9156428be3b8,https://www.yammer.com/mcafee.onmicrosoft.com/groups/company?trk_event=dd_moreingroup_click&amp/
28014c455dd1094c7ba47446cd8a925b,http://amwuewyew.org/secured-page/emailoffice/emailoffice/
280bf82fec372378ba6f17444beea754,https://d.adagiof3.repubblica.it/
2820839ffdfe979d89af1f56e848ab7e,http://tiablancotequila.com/
2832c20fb6ee8c30902d1872b41bae60,https://groups.yahoo.com/neo/groups/MHMSPPC/photos/recentphotos?count=5&chrome=raw&tz=America%2FLos_Angeles&ts=1544714143398/
2836a5c0051369d6f44865ce3705b7b3,http://nochebarbers.com/
283f932158896cbbdc35d49408847055,http://bluebox-concept.com/
286dbccae48027f8a09b1ba1f00bf996,https://app.rmbr.in/rfLyk6O3BS/
286f60b83033522ea7aff221dae30128,http://drimup.com/
28874b6befae2e32eaa85407c418e568,http://info.101com.com/default.aspx?id=186701/
28877517c75627af3451641ac589d3eb,https://www.yammer.com/mcafee.onmicrosoft.com/users/1659601483?trk_event=dd_user_click&amp/
289f8114fe7bde036e1102074175163d,http://esthetiqueenjoli.com/
28e0f9f6c9a3dd4d71989f8b133f9754,https://choices.trustarc.com/cap?aid=td04&pid=td01&cid=21955398&w=120&h=240&c=7df0/
28faf3e2d2de1e63e3d9ea509036174c,http://rl-intourism.com/
2900c66a1fa8512e73a38857a1ba4566,https://forms.office.com/Pages/ResponsePage.aspx?id=G88xVzMG5EG3DzgAKkHnWlxCGqu552pLmDa0a5DVFEtUNkFaVldLNUoyNElRTVJNM0ZIOFdSNk1LSi4u/
2944efa76cff28035ca85fc628aed405,http://lamanualidad.com/
295f998526e925bbc91cded19e6b0964,https://www.rogers.com/customer/support/article/blackberry-yahoo-email-update?om_rid=NtNmIv&om_mid=_BcEs9iB9vaYNYI/
2974fdb6eb76c0740435197b59b8ca5b,http://www.speechunlimited.net/
29815ddf354891cfa6bf62cd738a5cde,https://kefahme.net/wp-includes/pomo/aspg/index.html/
298a799c8c0a59f52614304da214640c,http://www.benefitsweb.com/
298b7c45530df31299bcd67ebcc70375,http://www.uvnc2me.com/
29a0a1bbd7a26acb25c288b4a7ea40df,http://mexichemfluortrading.com/
29a563050ace47258aa1fcf02407c823,https://starbucks.cashstar.com/gift-card/view/gwPdEG8aUDQUPDbpPfmtPJLAu/tracey.mastrapa%40ahss.org/
29b2cc947de55810917102f954d50195,http://wikiresepmasakan.com/
29cfcaa2f857d704a9397ca269e284a4,https://github.githubassets.com/favicon.ico/
2a17fbd07d8d484cc4dc575bee3c21a1,https://goo.gl/64QXa9/
2a19c4444e10846b49528ab046258619,https://www.mt.com/etc/designs/mt/widgets/shared/css/images/static/mt-logo_down.png/
2a4436dddd9a61f36b94116e7b341754,http://redirector.gvt1.com/edgedl/release2/chrome_component/AIxQJLpriD4Y_964/964_all_sthset.crx3/
2a4effe7b1440ac11873a54246e06514,http://377po.com/
2a807d12f3afef9503523d7c8cc55fe6,http://iminijoin.com/
2a896ffc30a9657199620763f16bfbeb,http://guazi.com/
2a973b9cb4b09f2e130c2398376ef72c,http://weedelo.com/
2aad49be301a7517f310002a0a8db34b,http://exclusivejoin.com/
2ae6138eef774a8bab59911675e00e9d,https://www.google.ca/images/experiments/wavy-underline.png/
2afe94dbddcbcb83b82325b017177abd,http://tailopezondemand.com/
2b1761b89e4125f3c3c41dc4933bd3d1,http://nestracker.com/FileUploader/ShareDrive/CWC/TaskTracker_input_Main_Comment%20Attachment_julian.jose.rondon@gmail.com_AOP2018_Panama_Huawei_SSV/IT%20Reports_4G_MI965_65325____Cl%20-%2001%20Huawei_Comments.docx/
2b219f610213719f996f55f6ada54fb3,http://brazilpropertyfromowner.com/
2b3ad29ac234b3ef409d979348667ce3,http://personepatrimoniodimpresa.com/
2b5a1d8c0b00568b4d487ad2be635665,http://jmscrjournal.com/
2bc92efb1a2fb7f1e48f647920d619a4,http://click.playstationemail.com/?qs=65203ef57bbd77ba57359067d118b8dda64199ddddbfae781436d796fbdb082e7ee1550598b1fedec8071dea369b7c8309d44ef2fc471dd9/
2bcbfed1fd634155b85d6c3c8a0d0cd6,http://mediawary.com/
2c0295ccff5fe120a6f9522da0d97994,https://www.hot-offer-for-you.com/
2c0f04ab4e37e0925cdd7b793b623cde,http://aimgstrap.com/
2c1326d1facbfc616bc1a4abc66c7ec1,http://secure001.makersnotifications.biz/ma/link.php?M=4463403&N=89&L=5&F=H/
2c243860e0f857c1e09ec94973442f38,http://learn.flexerasoftware.com/
2c4105649f4566151c94a416e400b85c,https://www.dropbox.com/l/scl/AADARGaYOQWiKcsnAXJdYPbpR8XwTV5VAXY/
2c4771784d84cc8db496687a3df5233c,https://www.surveygizmo.com/s3/4741742/AT-T/
2c6b6b9dde9a44c91d9de641c94d832b,http://mbscsmokeonthebeach.com/
2c6d7519a12f51d5155595d7989549b8,http://ICCSA.COM.NI/
2c6f6036e370d6df9bb87fcf9349208c,http://fundacionmojuco.com/
2c82b87a7d013e907b947d54fdb1fbdc,http://sebringstudio.com/
2c9f77837aa9426bb7f417e6769360db,https://www.apple.com.idevice-verify.info/
2c9fadf0a77a6fafade454f35898b542,http://cashback7.ru/De_de/OJZFGCCQ4215123/Rech/Hilfestellung/
2ca26bfc422bba34ef66feb272527fb3,https://gxof85wx.emltrk.com/gxof85wx/
2cad36abd91cd828592f128352cdfe02,http://www.kategoriae.com/mine/cmd-login=978913f1b016db9fe72a4dcf841a98f4/
2ce4330fd3f953a8ef34ce713d58a0f0,http://gwmserver.com/
2d14aabc2e728736130dc22d3664f23c,http://www.zpz.ch/
2d30e92fa5df2414d14e3086d923a7a6,http://wolftechparts.com/
2d3ef8d210c5e38952561aa74968bc98,https://maconcarsonapplebrandy.com/
2d5e505e794b9b685cab2e6ce03655b8,http://www.rockymountaindestinations.com/smarty/templates_c/One.Drive/login.php/
2db3e87e0b6d0c988caefd923f8d9b4c,http://www.meoliforensicconsulting.com/
2dc981c61ded8e1cab4021b25621bb55,http://casinoworldchampionships.com/
2df1b0aa29e34fe0976ce260e400bb91,http://dlwebsitedesign.com/
2df307f377f420a65186e204a631be38,http://timochola.com/
2e1a4be600e7b43d6db8c8ddd5960aa1,http://pdjcls.com/
2e6fd35c8cb9c3e4cb0575dcda40ff45,http://151hillside.com/
2e82a53e1c693d1d6cc68f5e71300728,https://adkar.prosci.com/surveys/view/NjA2Ny0xMTQzODI%3D/
2ea398b1abb462c0c4ac26c1a6d114ca,http://274521.com/
2eaf2acdd8b5b11560a2552d7a7a4aea,http://video.fyyc4-1.fna.fbcdn.net/
2ebfdf0560c86085949f9175c2bfe1b9,http://chuanchuanche.com/
2ec3ae996c85e398bd326ee8a93429d5,http://youowemereminder.com/
2ed5fd1299615b6a312f127bb2bcd38c,https://experience.rrd.com/e/516441/st-nameurl-company-3companyurl/9d9y76/722839367/blanca.delgado%40uhc.com/Blanca/Delgado/United+Health+Group?h=Tt8ADpITiNhdDh7qKekdWnyrIizOPq8-Ki-91oEd61o/
2ee2dc481bf98878f68401dab6639077,http://www.suredatum.com/
2ee47eb6bc839d8fad5d0bea1d438347,https://bit.ly/2rCby0M/
2efe518f58a6ed08594a15de47b410c2,http://www.mecelec.fr/wp-content/uploads/2018/
2f1a6221d143df75e8aeb8dc45f57f92,http://www.ladwpintake.com/wordpress1/wp-content/uploads/2018/11/newIntakeLogo.png/
2f2b98e446243ceed6e5ec22b1cdeb1e,https://formstack.io/ffbDz1IbTzzNdbhm86CBmjre92euLYKuicfh9qYvfX129y7MSfmB7n5Z-EarmgrXGW8Ax3menuNRBR2EIwQfGg/
2f592a2087675eeaf6ab2f54c8f3796e,http://acoachspodcast.com/
2f8cf7c876a87e1db10fab7f4688c7d9,https://www.booking.pastorleeoliver.com/
2fad3e8a6529373bcfd66679fef68be2,http://websz-resolution.servehttp.com/
2fe60406350ed143a2f1d36b8562a918,http://gocrank.com/
301b782f7bcf39e6fe22e7dabf964280,http://verticalhomesolutions.com/
3034b0cf66dc1f62d5de631a08f392e2,http://www.coveris.com/
303743412221d6cfe8d174aac0df418c,https://surveymonkey.com/tr/v1/te/akU_2BQc2vAhAsa_2B264x1g6_2FpF_2Fhy3EhxbpxJDHYpYZT3PErDK_2Bf6OjNYOPsqZdKwgb1Es83fe2XNMPO6efXfMki3qmFIbKQiWxQ4aJ6VlBEX9QwWB9QR_2FOSVm62EuG_2FB2QKj5id2nMZNeUb0YhMXoWcoprk6glIjohS29ttwMbzgxEQXk2j5gNPacZytxDojE/
304da7ae8c34c4c321fdc517c4a23294,http://dldaduan.com/
304f4bc1f6e7145c5cd8dde50305c21c,http://www.air-passion.be/
3088c2755ba07bcc35b182159f920069,http://youtube.xn--12cn8be2ck0h5b.com/
308e99e36275fa7efd08eb5c648f1c57,http://img1.liveinternet.ru/images/attach/c/9/107/924/107924929_preview_3565a5f5dd96771624ad1d5c6cb6b8ea.jpg/
30afa3626babfe92307b522157a35b51,http://iknoxx.com/
30b05b6c4f505ca1107e0428b00f10d0,http://yourhomedoc.com/
30ca058e05c17664fbc7b19797347578,http://echo.bluehornet.com/ct/9725491:NiyiZRsUN:m:1:342250425:2E3403AA16319D3DB07C77008DB099FB:r/
30deb5ee6a2a47e77db1aa32c770f5b8,http://www.marcoguglie.it/
30e5977fcb68aaf90f02d7486b88d459,http://addr.gq/
30e7008bf2e7873bf29e1696d7730cd1,http://etebofoundation.org/De/ZUJPSXWKL7999413/Rechnungskorrektur/DOC/
30f90c0f383aaaf381b27052e1cd1392,http://2940mandevillecyn.com/
3110586222cc7953850a5fb3c08c8d68,https://spotifypremiumupgrade.com/
311ed672fc86ee43bf7dfe4c1749dbbc,http://tipsandthecity.free.fr/avatars/elvis-prestux.jpg/
312c34efd6ecd105d780b36a7a05d2bf,http://msmotion.com/
314538845305b1f389fccb8327ba22ae,http://lodaudits.com/
31469e7c524e56c61d4282d2eca307cb,https://w.topage.net/box.js/
316fa3194fa188d9983b99781033ec4a,http://www.e-zest.in/
318311de0a3f47d69ac84142a891475e,http://dimax.kz/invoices/2666629859221/LLC/EN_en/Past-Due-Invoices/
31b45a371f595d343a0fa6f720045096,http://864772.com/
31b4c8eff47eb62d4d86fb8f66417969,http://gurtn.mobi/pickit?k=Sketchy+pharm+download/
31b4cf084c4b8f13bc94bfe4f6b0f405,http://content.govdelivery.com/attachments/fancy_images/USCMSMYMEDICARE/2017/09/1563022/1653771/footer-seal_crop.png/
31bca3fce0ca27cd5e584eac3c2b484b,http://aiwaviagens.com/92995879/SurveyQuestionsDocument/En_us/Outstanding-Invoices/
31cda0b910042d52b5ae459874bec5be,http://botedirbist.com/
31cfd624641bde722cf25a0724b16227,http://mitchforgette.com/
31e3a6e277f1db9145c5fbf205b5bede,https://debtrelief.na1.echosign.com/public/esign?tsid=CBFCIBAA3AAABLblqZhDOTyQmxQB4jQJNEBbkUURQYh7dyWEchecpwxlJ6AcNoIcg81XrUGr0fUDWzl5jWD2mmudZkpwmy9K80taIu5qK&/
32078a04085d4da3a2093ce7edf4d071,http://jptyd.com/
322243eca9ca32fac80eb9be886dd508,https://www.youtube.com/watch?v=3D_fDlxtyJ2n0/
32270060f05542b7d8f23ac08012aa02,http://carollers.landing18.icu/2080e2d56ab69d4a066736604686a814_5666125c-010101020001/1/
32440f263833aae967da55930964a190,https://www.homesnap.com/images/email/user_weekly/email_weekly_update_header.gif?v=20180807/
324aba1d4ead8a235a8cef7eb3fe4db3,http://jhtyd.com/
324da22cbb1a2647525accf2eb648abe,http://pacific-ocean.com/
3251764f7ce86763698222b6e00972aa,https://kupimapple.ru/
32564b7d854f5a0b3b4d6fca5c89f5d1,https://youtu.be/zX_oPhzP-L0/
327ed0377b67432a5708412c251a5458,https://joesweeney.us18.list-manage.com/track/click?u=24360f06b1c69381d4d043353&id=f039496757&e=beecd95a80/
32831665c47df3901ac72eafb2fef97f,http://bit.do/411490017/
329e27795914538b42ade68f2d292f9a,https://huawei-redemptions.co.uk/p20septemberpromo/privacy.php/
32a197fc9be60b227b6f84d5ce5e8826,https://valtecindustries.com/
32b2c0c90c097841238ed0347d9d5a13,http://192.185.161.151/
32e89b2f5fde6fac7c54e99f5b803292,https://mailie.assets-yammer.com/mailer_images/microsoft-logo-com.png/
32fc1ba30febc0eb057b3c073faefbf0,http://khcan.com/bmo/www1.bmo.com/security-questions.html/
33137b0bc5092c8bccc08661b99b115e,http://haikaravali.com/
331c7040ae3ac1e91c13ff7f1f762db6,http://remotewebportal.com/
332b426b91db2f75034383b757d17feb,https://bitly.com/a/warning?hash=2ElEOAa&url=http%3A%2F%2Fwww.amchamthanksgiving.co.ke%2Fbv%2Fcodex%2Ferror.php/
333e19f1c264100172e947550cc8cfd9,http://gzucan.com/
3347a36e45fa0ef87ce7720769594923,http://lukejohnhall.co.uk/
3352cc710f3f0b297cc54714ddcf093a,http://sumansarealestatedevelopment.com/
3370cd660b15a7ad9cf6401b0fb16852,http://kosmetshop.uz/COMET/SIGNS/PAYMENT/NOTIFICATION/12/13/2018/FILE/En_us/Paid-Invoice-Credit-Card-Receipt/
3377d96fd5bfe2fb500aa82fa37fa924,http://click.playstationemail.com/?qs=3307f802ffab13979343c6bf11af30ce72cb91683ddb3fa3cdf1d9a4ca62d3f23ea969eec313f134bc753732db6ad6bdac52831a7beeedba/
339f8c3a0a13752d807b2129d2f5fd99,https://www.escueladeamazon.com/
33a0239829b7a12bf55e2bf33667b92e,http://unilentes.com/
33ba983fe58c29e5b2d3067c0d00eff1,http://target.smi2.ru/
33bd7c061e3b322ab74983a8916c3f16,http://historyunfilteredpodcast.com/
33d824cf4aacc957a537a08566c562f6,https://debtrelief.na1.echosign.com/track/CBFCIBAA3AAABLblqZhB3UXdMrBSHNti_fdVTxJBWUsq2Pl7Z2KxXc0JNpjnyBE1VS3MJyocRfdcQ4VORREA*/blank.gif/
33f263611d05997ac479e0599e262e10,https://mdocs.sap.com/
33f2baaa4bcaf63f906fb91d2f8c57de,http://aaa.south.com/
3406e7aa50379a81ae7f810b45674dc4,http://eastmalltownhomes.com/
343a341c7bc235f3d0680b623e48cb7e,http://new-wavepower.com/
344a5f645f8a12ec16a0b9291018d73a,http://www.aicpalearningcenter.org/
3461d72d9fbc6ebabe50a1f12506ab04,http://lebanonturismo.com.br/Inv/64996742/FILE/En/Sales-Invoice/
346d655087136b3d51335dcd3373b748,http://bbg.m3k.pp.ua/
34703fe74950bcc63cb388aabaf5db40,http://gnitcaretni.com/
3480650de90bef7da1073eef21dffaea,http://storm8.com/
34aa1c273908e7741baeaacc37aa2e9b,http://jdztj.com/
34aa2145c0e6ac64f3fb274464155777,http://cv.elisava.net/
34c54897e992bfd52e376d1c4c4eb944,http://floracay.com/
34ca4f8a910720937d912ebd20d3e562,http://jaiminishikshansansthan.org/
34f518adf1982b5f49523d7deae87b1a,http://lantexx.com/
3518b0a180c24d29571a1ee855279e0c,https://www.greenvelope.com/view/eed220d3126f4b94b403caaf76468774/0/
351aec5a9cab4a705e9b94580c57a881,http://wellsfargo.pbp.com/
351b160ae3c6ebc799f434b5f8fc8a90,https://www.youracclaim.com/go/nMW9fV4Dcqh6HTJ4biJ1jg/
3528d3d8b206c731060d98b113f042ea,http://securitycamerakit.com/
354b11a2501a9857d6071a6433b30a93,http://andrealovesmiami.com/
355eed808fa765c5192c24f3878c6915,http://www.reklaminmarkasi.com/
3567d86b2ec2220ca050bd9fe78342e6,http://services-expert-app.com/
357acee1a5f210b93fe38040a9f9cc4c,https://trc.wantedly.com/t/general?token=twfxemwprrfuudvxnytombxcfbdksqjk/
359c40ddbc9788c95d114cfaad35c97d,http://cliente.oldmutual.com.co/
35b1b19ef664b245fd629e494c47e47f,http://cy301.com/
35c10a12ca6033b3da22d92edcdea41b,http://virginshairbar.com/
35c6350e15ca3d83f41e79b17a619892,http://aiwaviagens.com/
35d17734a32fdbfb0cde23259e6cb613,http://okaypat.com/
35e52eb227f5fac3bb488d9e3efbfb33,http://travelwithjessa.com/
35f726ec5c2c9255127e099e5b18e514,http://185.244.25.249/bins/Owari.m68k/
35ff9022093c0078acdb47b723ad1d89,http://keezysaidso.com/
362f52fecae9a868688206e94822c1e0,http://californiagrand.com/
365ca8d666c9a7c351c197e3af395bb8,http://salescararticleswebmall.website/index.php?main_page=product_info&products_id=17446/
365eda249ba267336b1e369b45367124,http://aboutdebbie.com/
367a2b2b775937d5f8787600dea0b1e6,http://trk.phasecure.com/aff_i?offer_id=41&aff_id=407&file_id=171&aff_sub=SUBID/
3680acde3875856a796bf0a00049a643,https://www.sunnytourntravels.com/?securessl=true/
3688cc96349a4c0b0d76df420b249ab0,https://exploreroutlook.com/
36a841ba2e0fc97164338a124493ab98,http://orieco.com/
36b6e8677613a96aef1196e603334aa6,http://manhembostad.se/
36c48205f28ff329373248cf91d31a41,http://jialebai.com/
36d955f91f30d5a76d80bb5734e8f6f8,http://ccglobalshop.com/
36dcb76c2335f257756661c9536f7134,http://jjjzz5.com/
36e6c878f13f9acf9e46ef9e4d62e5e1,http://blog.realizaimoveis.com.br/
36f5cb0f577cbfb66e60e17475e2b931,http://rushdirect.net/
36fe688397a0a87cd067c3adce171136,http://authenticity.comap.cz/
37035752fdc609d0f1df0064d016f014,http://celeb4k.com/
371518251841ed3cbbd03e615abc2a29,http://asianwili.com/
371b872d1c0b89c71a887861e7e384df,http://osart.com.tr/
371e08165dc2885c301999192baf07eb,http://send.bankersweb.com/link.cfm?r=Q2ZRfepBiL9pHjk-KRi_rw~~&pe=eb0QFcEqjJejxEOa8LT6c4sFcAKggdSv2E9jCDRFjBdtZrgNm9QoTSbsuImES8NjFrbuNyeWruwjcXWcD7X_2A~~&t=Qtcl1Bdp2TT2NfdSdGD-kA~~/
3753c8ad4994c6d21185999994c14ffd,http://fotovideodrago.hr/_vti_cmg/Doc_db/networking__/n0tes_/cr_w/hil_z/?Email=xxxx@163.com/
37934225a2852fdba80d10e508f7b0d1,http://oocyte-ivmed.com/
37adcb6e4f6dd271e3880d91ec65814e,https://visas-minute.fr/
37bcf9ddddcbdadbfaecb14bfa4eefba,http://insightcostarica.com/
37ff5b5055011a6eec922f51de5fb16b,http://thuyanddon.com/
382871918ae74902036c18500cd3b870,http://samplecouture.com/
386169ba3925e4b50de806267c0c7068,https://www.fortnitedownloadpc.com/
3864117908a48bae4c678c66063128e0,http://yourwebsitedfy.com/
386b530470cfc5bef0a4153f4a8d121c,http://industrias-je.com/
386f8a1263cc8d7be92816f7129ae338,http://dimakhost.com/
3874bcdfc6e13215793760cb820cf8b0,http://asiawaternetworksolutions.com/
38781d23bd41ed2e481f99266a2a55b6,http://www.pilatessence.com/
38823f79d3187de0e1d3ae0ae92a94ba,http://livenbx.com/
38a5fee2feb14ab2c4c2d20bbd4c54d2,http://cjwj0769.com/
38cb76e8bc66b2fb43c7d163ffe47482,http://themarketingbrothers.com/
38ce3a3a97530ca2effd45c41f95ff52,http://anchoredsecurities.com/
38cef0fa445d28918745d85a86d71f7c,http://mimecastmx.hachiko.com.au/
38dfda2b5c7842c8c489fb698d14e7ec,http://balikesirbakici.com/
38e95402418204ef7af8e26d606ae872,http://dfyl-app.com/
38fafe8f4e23af622e80cd7c3f351885,http://industrias-je.com/US/Transactions/122018/
3909b567c8790933c948884b01c2bf33,http://dotmatrix.indiatimes.com/
390d4be6736f1bc8e2dddf1dd988682f,http://alabamabusinessleague.com/
391663dab85d3e73b48b5abbf02f8fa6,http://feron.it/
39207f4bed735c0151d0536989269d4e,https://demandinccertn.salesloftlinks.com/email_trackers/e989a85d-639c-4b44-8543-28fd213cb0b6/opt_out/
39215925e570fe642358850c408b1eb4,https://www.myvisatrip.com/
392466e73d579f48ad802882340ccc81,https://web.tresorit.com/l#aOrLz5Rb7IXBMf0ANoYMqg/
3931b2a0cb6f7da686a32f41f2a0f5f8,https://partners.eu.converse.net:443/
3934eeb17b211c1f8487e16bbbf93b7d,http://etherapeutics.co.uk/
3937ac3aeee05d2eff4da418b168e86f,http://ccnvip.com/
395f6e8c66ebe40d0455428679a2dec3,http://sarahmcinon23.com/
398a59826ef81298c56d949f9f6dd717,http://email-marriott.com/H/2/v400000167a9538b26c57cd46e96c65848/80e2aeda-caca-4282-875a-d134978566cb/HTML/
39bed2db742070fad5f198c6b4edf7f8,http://roffers.com/kpRw-HDMdJyod3rnDmOd_aHSReoktw-Hkc/biz/Personal/
39cbddf3c92e20ee35d5bfab0526214c,https://www.yammer.com/mcafee.onmicrosoft.com/groups/company?trk_event=dd_groupheader_click&amp/
39daacf5dc81803684fb31811e713372,http://blogueirasradicais.com/
39e9320752e6c5b94ae815af2a0cc0aa,http://cursoselementor.com/
39fda02f97a80482eb62c1e567a0b64d,https://dm4.tivo.com/e/43592/2ReQVCr/bhp7qv/995525939?h=-8yxYogzPV9zM_wqODkqOzRTRABGmvt3Y9Z5omvLfgs/
3a47a55716ef989103750b33551e14b1,http://kayjewelry.com/
3a59645b47e036034c30066385fea524,http://wolmedia.net/PaymentStatus/newsletter/US_us/Paid-Invoice&amp;data=02|01|/
3a5e4e572f56529fb8d7380be60a0472,http://fitrigue.com/
3a6a23c18f54671e598af3180f286a47,http://reflector.vtti.vt.edu./
3a756c80a0d181cb91f97a2ab62606ac,http://ecoadvisorsipm.cloud.com/
3aa01ee8a300542f7f724389a7ba5f60,http://goo-tpe1c.rum.dynapis.com/
3ae9e0206a5decd6ca2bad700612d752,http://topdefenseteamjacksonville.com/
3aedf0fb37c93504c5407c2f90eb5202,http://ad.ilikesponsorad.co.kr/
3b14e6f4135bd13ec98945be28937696,http://link.bisnow.com/f/a/adeEiMdjthKKHWR-71L2Vw~~/AAAEVwA~/RgRd9ThkP0UmcG9fMTM3NDVfcHVibGlzaGVyX2FkU2NoZWR1bGVJZF8xMDE2OTFEKWh0dHA6Ly9kLmJpc25vdy5jb20vY2sucGhwP2Jhbm5lcmlkPTIyNDg3VwNzcGNCCgANabMSXJ-LtW9SGWNvZHkuZm91bGtlQHdvb2Rncm91cC5jb21YBAAAAAA~/
3b2b8c5999ba261547ea62e92bc030b4,http://famouslovespecialist.com/
3b51c8f0e302e09b71acb7296dc6a18f,http://legendaryel.com/
3b716ae65ffbe330f28ae46524e2e61f,https://www.perceptyx.com/
3b7802238c8efc1cc451f88f55ed5ec6,http://www.johnsonfamilymedicine.com/
3b7ba9286ce79f83d04017613c9adfbc,https://advmailservice.com/vLR3ynE7trg/a3283201fee411e88c03005056a3018b/
3b806602377217e02673fd06f9cdc093,http://foteinisalveridou.com/
3b8c2ced34a646ca5dd4833c90ca1e77,https://www.housewindowsforsale.com/
3b9e473f648ba57e2298da9cee984119,https://www.google.com/url?sa=t&rct=j&q=&esrc=s&source=web&cd=1&cad=rja&uact=8&ved=2ahUKEwj1_KK7yZ3fAhVI2KQKHYANDNoQFjAAegQICRAB&url=http%3A%2F%2Fwww.rolexreplicahorloges.com%2F&usg=AOvVaw1nK1VXklHvh_mI1bC6duCJ/
3ba61a67d50ccc320d2829576bacc3cb,https://mint.intuit.com/transaction.event/
3bb466ef4ad2c057ebd7b96f467ed8d4,http://www.goolg.com/?js=eyJhbGciOiJIUzI1NiIsInR5cCI6IkpXVCJ9.eyJqcyI6MX0.fADWc9hUOlh58R9UzufQBROmie3I7c7vE835oE6YmU4&uuid=f0281c0c-ff0c-11e8-966b-ec1449021cf3/
3bdbbd46c2bbd9b586c9f0f49819acb3,http://click.e.frk.com/open.aspx?ffcb10-fe9013787764037976-fdf312747d640/
3be051f863c5cdc81f6a1228cb113a39,http://alphasecurity.mobi/US/Transaction_details/2018-12/
3bfbaedac79d4cc36db15bd950139eab,http://email-marriott.com/T/v4000001678bb7d84ab934b96e96638900/ba37fc652e1d46950000021ef3a0bcd5/ba37fc65-2e1d-4695-bebe-721235cb0dbb?__dU__=v0G4RBKTXg2GvMkOJesaYIzG4U7guhmTRETuYnTC-1zsA=/
3bff1050c74249707604eb89fd95c574,https://xn--www--jw6g48j8fv41y5p0a.com/
3c0e553dbd52b1f015363a4e2370dbfc,"https://backgrounds.wetransfer.net/nielsen/201612/survey_v2/index.html?_origin=https://wetransfer.com logRecordSource=OnPrem/"
3c19dc19c96d08f7845217dfab702e62,http://northernstrong.com/
3c1e0a07b128a6eef870d3f43b53e1c1,https://ups-smart.com/
3c2259156c9e8089d7bf1b45c3b8c55b,http://shopandbenefit.com/
3c4a5100f5af2c356bc52e1fe47a654d,http://bazaratap.com/
3c4bbf56c37a1402af46a5fd412fa1ba,http://app.data.tableau.com/e/u?s=840&amp;elq=18c6ad0a8093415194b674a1a35cf36b/
3c4ee2506a662fcc4e7c4eca2c841d8c,https://12factor.net/
3c6383d51eeef1642292acecabbf0171,https://www.barlowresearch.com/
3c6779e2c9cbb9002512abbacbdad1cd,http://fortisconstruction.com/
3c81c54d475c5d1cef08f52ad2ba76bd,http://12daysofholidayjoy.com/
3c90574e0ef9775b53450cc6a51154c5,http://fabricadeconcluidores.com.br/wp-includes/Requests/cu.htm/
3c9763069db71cf108f4d5f6f6b372e4,http://jusafe.com/
3cdb023944d2e7e16f8290f3ed6f16f6,https://transfer.compucom.com/human.aspx?OrgID=9064&Arg12=message&Arg06=535822520&Arg08=0x79oz734e47x2ew/
3ce07496531b12c788500106943f73c1,http://ggfirms.com/
3ce478039fd097ac98da13df096e507d,http://go.enchoice.com/unsubscribe/u/233672/07e8d272f0607caafcc79e4c6ee5ad46244e3aa25f52652ff33de102cb351eeb/234234475/
3d3ce950f99844b71ba8ccef1d38157c,https://drive.google.com/file/d/1Avfa4Zp8kxmjuhRSDQiuuVcFJOnUEutJ/view?usp=sharing/
3d6cb0ebc5d2bc6ff88fde13f7de82be,http://www.paypalsafe-activityaccount.com/summary-verify/customer_center/customer-IDPP00C419/myaccount/signin/?country.x=NL&locale.x=en_NL/
3d732cf723390fb124d700f39c51c494,https://printcbncs.com/dsf/
3d8f62eff290e04312e31ccf0e163009,https://c.apple.com/r?v=2&la=en&lc=usa&a=dEbs8DRk1p9oZ%2BOzi92N3OFPNevtl7aMz24wuzZAgwsV%2F0oT5gJoIp71zdth1mj6BkWC2mX0S2VnhOKkcHY2g4DPw0LYwSlfGdEuimQhFSIwLfvUU2Ffno4YOW0QY3QY&ct=ab5K6I4W4h/
3da98dbf166f1bcd70937746973b57f3,http://solesourcetech.us/
3dc52eea95fc9fe31cfdd6e4142dde38,http://74.125.195.114/
3dca7ba031f0dce1bfff3982540dddfd,http://lethics.gr/
3dd275574cade263545eccac271a4625,http://tj-tattoo.com/
3df2961861375625bf41cc2ff6da6214,http://friendsofmco.com/
3e105d30450e24e0e2c00f9ca3c3700b,http://cedarparksigns.com/
3e1d2d6f5950cd28b851b2bd589fc6ca,http://sabdoalam.com/
3e2febdd4e9224745fc6e5c90d0cc381,http://schmidt-ladenbau.com/
3e38e7761909083bf18c902fe61d8913,https://wa-cdm.whatsapp-maroc.com/
3e3cb93f0002d984f1d92985f09cde63,http://docsusignnet.egnyte.com/dl/eD3XK3OvpS/
3e4392ad11b074ebc9088fe779bc0ade,http://inf.normandoh.com/
3e544293d474206d848ae7f3b10be17e,https://insidesales-email.com/l/1/9622/Y/US1-2018.12.11-1421843/1/ab/7XNzdmGTWrBBzaAFNVeznb2jIWwwqA4uM5s4VgEOQRg?lnk=http%3A%2F%2Fwww.inforretail.com%2F/
3e6a3447d2d0974ac7cef4a380469b06,http://micasanuevaen.com/
3e6b4adafc1bcb41e7744b22368babf0,http://mapixl.com/
3eb99ddab9b2cb6852e94c6d1fb52dff,http://www.post.cherrydevs.com/
3ec0a02e53437a45819c0df3d06e2bf9,http://ln196.com/
3ed10919e37dd99c9259fbd0784e3352,https://goo.gl/XCHrZB/
3ed846895991472bf156721e8be244cf,http://meerliebejuist.com/
3ee64a98f7785858525d91f14802394a,http://myveeam.com/
3eed656ae662e13a3408a7f6fccbb0e6,http://rehatido.com/
3f13a208cee1bef727460b2e6f4cb736,http://tristatecouriers.com/
3f1f739c4be908175d70921d3beaaf20,http://unixstarproductions.com/creditedup/mic/index.php/
3f3980e340b4263f3147099ee47f7c50,http://nj-bride.com/
3f486b7f77adfe6eff3b04eb8c4450a0,https://www.point2homes.com/DO/Real-Estate-Listings.html?location=La+Romana&search_mode=location&page=1&SelectedView=listings&LocationSeoUrl=DO%2FLa-Romana&location_changed=true&ajax=1/
3f500c6d1a0a9c80e31682566093b6b5,http://190.88.184.137:5903/
3f62ac480c4bb6034b53a1343a08f9d3,http://162.241.148.86/
3f7f57b8187f1fdfb6b4f00dd71a3262,http://airvnc.com/
3fcdac9f586b862cd415d977159eb807,"http://bm.ronsqe.com/campaigns/lo901cmq1z75c/track-url/hp6083w4w7c36/b40b087683d fbd60383ef3b59fabf4c974b4b6b6/"
3fd4b32dea8e3849a9e4d432835467d7,http://antibody-software.com/
3fe2f1076ee5ceb28a2e1b6847c8328e,http://yyyyy04.com/
400fa159d3f7107757ae52b5a6e6b831,http://madadrooyan.com/
4023bcb0c0e46bfd3b588240189c5fe6,https://click.fidelityinvestments.com/?qs=45aba3b6327ba69f3d41da8ff28c26b1fb3494072bbdc448567e6e2e9900dd6c75cab66161c887e8f6a88bf5c84dbc042c56ed0a9e412c96/
402504e77fb972eb13c66ad518acac13,http://app.use.webex.com/
4068f1bcefc793aec3711ca0b6ef739a,http://ctldl.windowsupdate.com/msdownload/update/v3/static/trustedr/en/disallowedcertstl.cab?58228dd6711957a5/
409fd324f573146d4df370a3e188382e,http://meunasahkrueng.id/
40a7d72d6ebc83b1aa2d83a3659545ad,http://ceca.com.ni/
40ae19f3d12a55f5832b95dd0e9b30e0,http://sealine.pro/
40d212ec3e9ad45733b2769e515d735f,http://magclinics.com/
40dbc36abfce29d9ac6b65c63de2db64,http://jxyimujiaju.com/
40e3d153dad50d0e2a447d0e9638d672,http://rajdhaniservice.com/
40e5e02289a430eeb5d8d30eed626f5e,https://solutions.sciquest.com/apps/Router/SupplierLogin?CustOrg=LACare&tmstmp=1544644745929/
40eb698a1053ad84bf0ef590c11a63d2,http://nyusankintokurasu.com/
40f67cbd16fd6930fb6b5027bc6b3478,http://mercadbitcoins.com/login.html/
4103b014ea7336a56620aa2c92f793f1,http://blendedfamilybliss81.com/
41183752382614d1e41643d399244589,http://bm.ronsqe.com/campaigns/lo901cmq1z75c/track-opening/xc8334c2nx0c0/
4147f8ee9835a93fff14ba4c8bc7a638,http://cambridgecowtrail.com/
415b91d535e90810b6fd095f24234001,http://giotaybac.com/
4160b98f31023cb6d5eedce512266d64,http://997pa.com/
416f15320a30c74e6988f24bf7ab8b8c,http://cloud.p.link.sophos.com/t/en-us/None/
416fbc2fd019f97f47a79dc4f89bfbae,https://solerainc-my.sharepoint.com/:f:/g/personal/maura_toler_solera_com/EnuE-2qj8lNGlmZhsewHxs4BUpj-wy4LJYS9xV2JSFUXmg/
41710cf003c3e21a694a4ee3edcc8c7f,http://mylifetume.com/
4180063486b48e3435f7371a7ca5fe41,https://goo.gl/XdJk7q/
41ae453c5b14002e3aee3146dbea44ad,http://deluxeoutput.com/
41b99fb2c0c6b8650df85fc666dff5af,http://email.lls.org/LLSPreferenceCenter/
41d47590d54147ecf839eeb98fe9693f,http://nochebuenaparatodos.org/wp/wp-content/uploads/2018/10/NPT-INSTRUCTIVO-PARA-ARMAR-LA-CAJA.jpg/
41e083fb2d20c56045ab560af0c92e0c,http://greothers.com/
41ec6283bd4d71cf7792f9452c09d966,http://patoimpex.com/exp/TEST.exe/
41fb296c8072da1dfaadbbdccf48800d,https://ecom.datajoe.com/ecom/download/?UO4jFEc5/
4208b8017c4930d2b867ba674bd560d8,http://ta377.com/
422d986c97765bebb8c2724265e5c668,http://sustainablesippers.com/
424505d1fee30ec6c79c0acb2781b710,http://darkwebexplainer.com/
426dc1a21b51381d4775419ac9f3fe5f,https://auto-bot.me/
42ab4616253fd155759e89312e7b63c3,http://fujitsu.org.kz/
42b5c416da5ee5691556673d66238c37,https://www.goatsquadproductions.com/
42f30e6dcf29ba506840736e718da2c9,http://manzanifirenze.com/
42fd87415f2970081ddd660ae4420026,http://ameinc.cc/InvoiceCodeChanges/FILE/US_us/Invoice/
4312fd06fa144978238ba0b8bf0cf9ec,http://free.atozmanuals.com/index.jhtml?partner=^CG7^xdm770&s1=4r4&gclid=EAIaIQobChMI_6a16sqd3wIVykwrCh1N2wBmEAEYASAAEgKC4PD_BwE/
431ce3576e992ecdcbc5c4cbfd3d7812,http://alkapharmics.com/
4343bb8b7f83413515361673a5d44829,http://wjlpx.com/
43800c8b81c3dc3607622d09e0feffad,http://catchpest.com/
4394d70ace836e46523de221e88bfd27,http://l9e817138b4f923f1fd4d61c2cf99b87e.n.adsco.re/
43a2fae69f21a00b2a3a36352ec1bbaa,https://onedrive.live.com/download?%20%20cid=F888C0EA63A40133&resid=F888C0EA63A40133%21205&authkey=AHfk6LFskIfr3GU/
43b063c218c25d71def6d0235307e812,http://livinlovinlee.com/
43dae805eee3c790b6059acfba80a71b,http://homeofcompassion.com/
43e5b51b96f38d239c9e671485835341,https://www.xn--dentystad-d7a28fjt.pl/
440d1a8087302b1d9ed982deab5d0b0e,http://212.227.251.235/
440fed643a8868b064a8eef1737ca983,http://sextmap.com/
441ef3f362c0f0b144d353bf5d5dfc0a,https://m.dm/Qorvo/9773279/
444a0cfeee5dfd885debe2cb68939d0c,http://msexata.com.br/
444d421884c06bf13b5e7cbcfa622246,https://ssatakam.sharefile.com/d-s403739a2aa14aec9/
446d6da2519abe76c67ea895d1665a76,https://courses.headheartbrain.com/brain-savvy-woman-career-management-for-women/
4484fdac280b4b511b3c902ac0bda661,http://tx.get-zephyrmail.com/movepage/2EEC63/fc76abb9a942e93b8ab4c69b57a4a258/page.html?openIdUrl=2EEC63/
44a1f49a99a8336d528f8f24e89224a5,https://goo.gl/forms/riS6hayOP52QD0UM2/
44aba02372c3c339ece51700a16cc854,http://aspire-zone.com/
44ad96280908289d5f3ceda434231a79,https://drive.google.com/file/d/1GPwqK22x-gTzhMQarray12ZlZFs90-_K/view?usp=sharing/
44d182241e8b346f774753cfd986fd43,http://houdaidays.com/
44d4adfa2fbf983bf814a1ea5c07ca88,https://xn--sljasolel-v2a.se/
44e319802c40f5f02d3a7fcba79a8f2d,http://dgxinyunhs.com/
44fd41460ec1a2cd535b3b469b291b9d,http://contracostacountycustodyattorney.com/
450b0400bcd0e38e7dff86c4aaa43df5,https://sri.cornell.edu/niche/c3/?survid=72992468/
450d64ea317c107401078c0e9fca51b8,https://cdn2.hubspot.net/hub/464431/hubfs/alerts/system-alert.jpg/
452ae7b69e5d657b20d4fe18ca4ebf54,http://lealeagolfkona.com/
452b5aa740cb07a11b6a3e6685455561,http://strengthtothecorept.com/
454acb0e932ada263210ea6476de55d4,http://rollnikoff.com/
454bea7a300b79dce3b568f985b9da64,http://pulledapp.com/
456cb3f59719ee9b9e3d096fb33396a8,http://jsw-cs.com/
459ac1874f2f16325148923f3e27d97a,https://debtrelief.na1.echosign.com/images/email-multipage-stack-right.gif/
459e8667964ab0c78ffdb2d768f57e29,http://d-card.jp/
45a3b0f0039ef1af82af689366504978,http://gordonmycologylab.com/
45c17680a1de50278bdf137ad2ab5756,http://paddedcellstudio.com/
45f68b31fa638aaf00c10752830c9f78,https://hsbcfcrriskandlegal.newsweaver.com/3zhixgdgfj/jyk6at0tswcd8xnil81r2l?email=true&a=6&p=60895&t=45375/
45f952bca9aec3b7c13cb515e60a4981,http://rhcxjz.com/
46024b503416b8d908c4710e41e76526,http://tripinherway.com/
4606991d58705c765289d9482c2fd00c,http://140.205.160.63/amdc/mobileDispatch/
460ab435edbd2dd0b3ec9f8755bcd4f0,http://srimaruthiinfo.com/
463af62106ef755f45bbf4150344f18a,http://abliker.com/token.php/
463c6adfb0c08249fece8cdc62b64f3c,http://bnnsjcu.com/
46416cf77a23ba6a331fcf4ec3a19e30,http://dataadapttool.com/
467e42eaf91df024d35f8915cf6d0f63,http://myheartfeltspace.org/documentpending/mail.umw.edu/Sign-In.html/
468786351f9472630f938a84e86e367c,http://trackapackage.dl.myway.com/
468a9c02bccb2c1d038662019a0d66fe,http://fenglaiqp.com/
469807f655cc0dd219709bb3344a0ac9,http://tecnicoselectricistas24hrs.com/
46a049f642678909bdaa822cc2302c2d,http://noelmclellan.com/
46b56a96b6ad423c71ed91189ed34c44,http://pldyule.com/
46bf148107ce89cb54e2df133187cb16,http://255806.com/
46cdc6f3f1533bc0746c1a48b2127f1d,http://server.markitelligence.com/link.php?M=140398822&N=9358&L=3413&F=H/
46e1c44254975af4680f88222eb69394,http://axhtea.com/
4727dc3f53581f5d9f9f2ddfacbda405,http://cronozee.com/
473ac2a8d6051a843dc91e763aa9c337,http://www.digitalassetindexfund.com/
47457b5255110c91c48cd28394a527b5,https://kitchendecor.club/files/welcome-back-meme-generator.html/
476ce1c548d8bb840c76bd802a97b4ab,https://www.baaderbank.de/Customer-Service/Legal-Documents-Baader-Bank-256/
478446e92d90583e87c2bf4e31b829fb,https://www.xn--medum-vsa.com/
478699afea7bf4e0cde92d075ba3dc9e,https://freegooglehome.com/
478d270934eba11ca1d51d62b4e8fafb,http://hyyulept6.com/
4793db90c686fc6f955b82f960b9e8d5,https://click.message.fedex.com/open.aspx?ffcb10-febe10767c6d017d-fe6516/
479d030f3960e5e093ede87b88e69268,http://nm8aatcaz.com/
47a5101af1c2c191e0b57fc603ef0674,https://atsindo.org/
47a862e0413bedaf381c8a4335236c78,http://manvnbet.com/
47cfd7d21c1c51682dbb552ed4438ab0,http://xmn3.com/
47d88c8d7bf0dea753ab2602a0f04751,https://secure.moneygram.com/mgo/us/en/track/
47e2df783e6fa33e27ed59a9c87a02ee,http://rosa-music.com/
47e6e5c5f4936d200508d2008e221c9b,http://hernandezdieseltruckrepair.com/
480522e8ca827fa8d35aa2cef1533caa,http://lef07b36856ee0dc354e9b83bbcd68a6d.l.adsco.re/
4816ba5c5c25c4c49ddd01e2df2a897b,http://bee-wellcare.com/
48210677ec649a388b36fbca01e67ebb,http://trungphuoc.com/
48416b76df8b5bc77df0e93b7d04e7f5,http://wyomingtimberandmining.com/
4858527d74a93f6167f5679285119e9d,http://riparktur.com/
4871a50a7d4b71b2000c7086f77373e3,https://www.banamex.com/
488306c0813739e3873b7ade4faa39b4,http://jamaliasansor.ir/
48aa58be1f446ed61204cb17038cf195,http://bmtgmm.com/
48cf1a38ce3e0338bc2c978e4ea9338c,http://maisondelane.com/
48eed3476df1343215cbc616d1abd7d9,http://muensternilling.com/
48fe73bd5260ca8a92bf6de5549f0b4c,http://phamhainam.com/
4906185a08f2fa6fd23fbc8c59c077c2,http://nutanaodisha.com/
4909612fdd42a24f1bbe7fa2d2e9b17d,http://185.244.25.249/bins/Owari.x86/
491fde2aebf3e82a41bb2f0f1a5db687,http://rivierapalmsrentals.com/
492eb52594b02f621704dc3f76e4d328,http://metrodevcon.com/021ee24f40b1662f9685175da4969e3a/
49302fb4752723ba695b489a70ab8a3a,https://www.xn--yellow-mbel-yfb.com/
495d570cd18f96a659dedb97da0f34bb,http://ifcingenieria.cl/mDpJlAz4Z/de/IhreSparkasse/
4963cabf677efa91ba5836a2e65c3b93,http://nuremlak.com/
496f53ea9cfa71f00d0501a304124ca0,http://aemackenzie.com/
4974751ea55f38166557535163355bf0,http://coscoairqd.com/
49a4ad689c9fc07ed74e1fea7d587f91,http://links.capella.mkt7914.com/ctt?kn=8&ms=MTQ3OTEwNjAS1&r=MzI2NTI2NDc3MTk2S0&b=0&j=MTU0MTEzODYwOAS2&mt=1&rt=0/
49a928c4da565a1d1ba17a894518ed51,http://kingswayyarmouthport.com/
49b1191726d7d3804f4ca970f48686d0,https://goatsquadproductions.com/
49b484e5bd67716152f7df826caa846d,https://www.xn--fminelam-54a.no/
49d94518f5425940b947db1e40a0f8ed,http://7313777.com/
49f5d4a709529c2d723b52f1b2b156ce,http://namebox.ro/
4a166df5438c2a63a0882f1ee7da57ba,https://xn--slja-solel-q5a.se/
4a1873ff7036a42dcad15e8776a0621d,https://hoa.us5.list-manage.com/about?u=70e354dd3a65254a958fc3004&id=f11776b89a&e=d5cd188611&c=675ba22d08/
4a2790e2cee6430aaa401a3fc1940067,http://globaldiamondprices.com/
4a47b5ef86c516285213c279be8de1cf,http://macseaglegolfschool.com/
4aa00be7266ab4fdec6f8e6d9ad8a7d2,http://bharticable.com/
4aa4c114275b49a5a1024d5b272f41a1,http://xflexzos.com/
4ac3628514a467bef30ae64d72318606,http://app.response.oracle-mail.com/e/er?elq_mid=129666&sh=0807262402211209092208072209102307223017&cmid=WWMK180920P00097&s=1973398186&lid=331385&elqTrackId=20a05af0603a4eeab80d8f7b8311ffd3&elq=e18a8f963046454f88c178434621aee3&elqaid=129666&elqat=1/
4acb87c668c314af9215019bbe805e2e,https://t.co/NrFVfOuhs3/
4af7e10567d679f84d1f27c9d79b0922,http://iowasaturdayschool.com/
4b00b5fa39a8013bfdf17caf414635ba,http://iniciativaspublicitarias.com/index.php?option=com_user&task=activate&activation=4e725aa3601e03029027101faf8c395b/
4b01471a21c8e95f3d2ed7d00e5d1175,http://offers.enterprises/
4b14e99c226373048c62c17d036a414c,http://teambored.co.uk/PaymentStatus/Document/EN_en/204-49-829399-151-204-49-829399-650/
4b37455b4b49fb6b909f63457b466a70,http://duckhawkec.com/
4b39871e9aae295a35d7e767b30f59d6,http://socialimpactcrowdfunding.com/
4b51ccf96d8ef5d63ea8aceee10ad5cd,http://wizdomandwit.com/
4b5551fbcaac5ecb83b9c18dbaac132c,https://www.stripev.com/
4b75c9831ed4fa5ae34d135dd0816455,http://cj.dotomi.com/r470xdml3/dkp/236A3936/7344327/1/1/1?m=y%3c%3c7JJF%3A%2F%2FMMM.3F1EBLM.D4J%3AYQ%2F2B82A-WSTTSRW-RSVZSYSV-RUWUQRZTRRQQQ%3c%3cg%3c%3c%3cR%3cR%3cQ%3cQ%3c/
4ba1b9c1ebaa27a23eae92d362888cb4,https://ca1.qualtrics.com/jfe/form/SV_b2AvcMVOnYjvX1z?Q_DL=7PTMgJ9hznr04f3_b2AvcMVOnYjvX1z_MLRP_5uP7eOtgWcqlGSh&Q_CHL=email/
4baa707b6b5f87fd52ee0f4e95037d11,http://makoappliancestoredanville.com/
4badeab3764fcaaf9c115f1447e7d4e4,https://ideone.com/dqS26G/
4bbfb60facc37756be40d88a5dc700a3,http://icarcambodia.com/
4bd8aa067390e1c5c3ef8fbcc2f9d349,http://melanoferovera.gh6480833.grubjan.com/
4be4cb6c149b4114b0bc1469b036a803,http://ecopikes.com/
4be7fe40aca98810627b8251d516fd6e,http://sdhejiamei.com/
4c1124d77a6a20db99b631fef0144c92,http://zahida.onyphe.io/
4c11a687e3656b80f5b05d24a96cb280,http://www.TrustCounsel.com/
4c1596030db7b990be105fc44241f901,http://jeux-mobile.sfr.fr/
4c1b1982deb237a388f921f140d026f1,http://servedby.hour-media.com/avw.php/
4c1ed284176e932c0aacf9c4a5338898,http://204.185.19.11/MSSU.jpg/
4c3540f06984882878684071277429fc,http://css.oticon.com/Genie20182.exe/
4c3b0a6aba68f624c1f0bf0f2b8419cc,http://660pz.com/
4c518a0d2c419a121d3a0a049220bc2a,http://aee3.usersend.net/cbWFpbD03NTg4MTE4MkBxcS5jb20maWQ9Mi45OTAwNjE1LjIzNzE2NCZ0aW1lPTIwMTgxMjEwMDImbW9kdWxhcj0yMzcxNjQmZ290bz04NTU0MTU4/
4c6518b47d1e7077180fb76bd10c7089,http://laferiaambiental.com/
4c6d0ab526c00792537d7d0a0333609a,http://informations-edf.fr/
4c7d95ba8530ef1d8c2b0d9829de5143,http://vishaldasari.com/
4c8955e72b1701693b40eeb77f125f87,http://sambirt.com/
4c8d917144a9cfdd6fa3453567fa8b2a,http://blog.footpatrol.com/
4caa95ccdc858175de79edb6b65722b4,https://govvacationrewards.com/
4cb263d540e09946c3a414235f4cae67,https://na1.voxco.com/A4S/Unsubscribe?st=4P4BV59nKuYADWT7LBMn5kF8bgcCi3k2kSvWcL5yRxc%3D&uemail=1&lang=en/
4cd75f79d9cc528a130dcbfb655f8f40,https://tinyurl.com/y8lf842y/
4cde7af458788d548fe5a376822e7752,https://zenstripe.com/
4ce165c47ed2df8785b51f0299d38789,https://search.yahoo.com/search?p=&fr=4tukqy21cenbs5d6/
4ce23b8eef7be9c452babae582f553fc,http://notveryscary.com/
4cef39498b3c0c639e5b86b5378758d8,http://hackvent.hacking-lab.com/
4d092f25f01fa3c1e5677e13fc2f4692,http://deeplearning4vb.com/
4d0d5731efe91bfb055542719e157137,http://monstorm.com/
4d1087d13c4da27ffab6a625906a7760,https://www.edirect.co.uk/
4d124bbf4eee2c06670d4e08f0f1703c,http://szekhelybudapest.com/
4d256699da9e25546eb20be7e19b4d0e,http://instachasseresse.com/
4d39f01991098178f382e352dcfa2d82,http://avolonet.com/
4d483856636f8b108de4a5e3b8604704,http://mail.chimp.com/
4d4a53353e228c4e6bec1d877c2d18e6,http://domainfoam.com/
4d57a371ef058027cf390ecc1b491499,http://herbliebermancommunityleadershipaward.org/files/en/ach-form/
4d723ff6d47924752104233249bb1456,http://marasouthernkitchen.com/
4d8b1244407af982a36a99eb8bbb41df,https://crm.homehubcastlehill.com.au/Tracking.HQContact?l=55XcLfYAWptKc0Tn3icIfA..&g=vgagzt6RRD44f0qW1M0aKA..&p=/
4d8c3388d509a5ef391cb276a7705dae,https://stripemepretty.com/
4d974bf3394798666a0a98ba5df72697,http://trymayanessence.com/
4db264c3e07992bf75f388b073ece0bf,http://yiqifadacai.com/
4df4a4303f61f97816ea85d8035f0512,https://www.tshwane-gov.co.za/
4e045956698453d9ca95eac067f7b348,http://www.trainingexperts.com/
4e15515e3a53bde903f34b2849745327,http://lethics.gr/EN_US/Documents/12_18/
4e3679f2f4caf6922500b893c191168e,https://www.govyhx.com/
4e6861b13fb29d399885a0dc92e3fe3b,http://dzmediahouse.com/
4e6d96a0b6e2cf306edf8b97fbbc0286,http://go.enchoice.com/e/233672/-Beyond-Enterprise-Storage-pdf/896t8/234234475/
4e7079394facefbe40b8dcbe62b0205c,http://premiumhomelist.com/
4e73df7208a740e9c371c41f38a2fa2a,http://elfyourself.com/?mId=72821463.2/
4e7c9d7fe9411526de93af385f84e847,http://alpha-vision.com/
4e9b39d648f470200dff2bb086efcb89,https://www.youtubevideodownloader.net/
4eb251c5ff7be8c5e820283e6758010f,http://news.tipsfordig.com/re?l=BD0IvftqkxI8ql7k0yIjpnkc7tqI0&u=http%3A%2F%2Fnews.tipsfordig.com%2Fpublic%2Fread_message.jsp%3Ftsp%3D1544763560620%26custid%3D15512%26uid%3D19022003746%26sig%3DOGEGPKDEILCLBJLO%26mid%3D1901033169&s=IFILPABCMDHNNJMD/
4ed815000999b6da3c00fb462e514210,http://www.zelfast.co.nz/
4f0da23b36aa95e8fde2f159b26300f8,http://vps1.alpha-vision.com/ola/js/base64-string.min.js?v=3.0.7/
4f29085ebaf46ad5be9b488510a64d4c,https://urlscan.io/result/2dd5ed03-78d6-4438-9469-87e2b430f4c5/
4f52c69ff9a650eccab83610388d417e,http://thinkolms.com/
4f544017176190fdbaae7227d7fa96b8,http://pregnancywishlist.com/
4f6538e9aeb82e2967c5da31408426b0,https://tiny.cc/8lxo1y/
4f65e646308b8ecf73e63b2f7351b510,http://haydi-indir.com/
4f6f2c0d5721c837045c4a2656f46f2a,http://kscdhp.com/
4f72886f098303ba469831527d0fc13d,http://clinic-ivf.com/
4fa72083f98068eeafdedad2ee788006,http://www2.informationmapping.com/emailPreference/e/8622/226/52e342298fb5c885903de255d8197e73432467ae709597ece47ab46c2de7dd0b/837456705/
4fbf4f05188fbd04ae554d936aa344d5,"http://bbg.m3k.pp.ua/186/index.php?subid=355809&option=com_acymailing&ctrl=user& task=out&mailid=65&key=Goqt8yd07zNFCo&Itemid=101/"
4fc896fbc661b23e77a45e84d9b356eb,https://view.email.roku.com/?qs=c8b3b9483b5eae822e3850aaebd96d54ccc2f9904930f4a9bc13600db7e38dfd9de277914287f53c23e70c80547295f08b3b82b0785c623ba4b62a03f02db0ed6dcef42829a51056fa6c317ccfa400f1/
4feba8a5fc570ac427eea07e3d320c2b,http://transwidget.mybluemix.net/
4ff30c5b752d922b28f2d26b85505353,http://kassa39.com/
500d421b5e82bd94fb1230d603ba3004,http://zn_7ptdwofi5oj4fox-tiaa2.siteintercept.qualtrics.com/
500de5c340afa1855f2871de56720ecf,http://cy750.com/
501d89a476682a22c09cd619f05f1d89,http://nortees.guiatonarede.com.br/EN_US/Transactions-details/122018/
5020118c50446cd24e86548944661d58,http://dotecoaching.com/
502f222ff49cfac46cc97dbad6accc2d,https://www.schoox.com/course/card/index.php?cid=838446&assigncourse=1&email_signup=hector.nolasco@takeda.com&acadId=274689025&source=email/
504372b1ca743abb62460e240cadc906,http://katosatoshi.jp/
5068e884c9de967ae77cec8dd00c5dc2,http://market.cmbchina.com/ccard/vip/aebjpc/index.html/
506ea3d72841dfca41f03c9c7cea18c6,http://www.camillyentertainment.com/blog/
50737b7cfb9398c9e3cb339e8cf89966,http://www.nosy-bleu-peche.com/
507a6e7c5c9104c0c90331aa4356ad81,https://www.fashionrebelle.com/vm.php?e=toto@toto.com/
508481c31372f1f63b01d3a2b8ad4675,http://northwestcustomdrywall.com/
50901a0634952f3f55d91e12d289fc96,http://gnteknindo.com/
50a6ea9260892c679fa0781cbe78e6e8,http://274691.com/
50ab84b3090b5f71fa7580f988256e03,http://financialproductinfo.com/a/571/click/7455848/493273485/_2f6812be8d65f784c8f82e660bb12584f0fabbc4/c8e2c783871e38ac27f10f17b8763cb4e3f84ead/
